skenario,kode_kab_kota,kabupaten_kota_normalized,provinsi_normalized,priority_score,rank,in_top10
Fokus kerentanan,1101,Aceh Selatan,Aceh,41.15633280969153,42,False
Fokus kerentanan,1102,Aceh Tenggara,Aceh,32.683392861747315,99,False
Fokus kerentanan,1103,Aceh Timur,Aceh,40.991544636448296,44,False
Fokus kerentanan,1104,Aceh Tengah,Aceh,36.24781090322163,73,False
Fokus kerentanan,1105,Aceh Barat,Aceh,32.54066919119636,103,False
Fokus kerentanan,1106,Aceh Besar,Aceh,36.62984481298263,70,False
Fokus kerentanan,1107,Pidie,Aceh,42.161181419010184,37,False
Fokus kerentanan,1108,Aceh Utara,Aceh,27.06159152779429,194,False
Fokus kerentanan,1109,Simeulue,Aceh,32.179598445640345,111,False
Fokus kerentanan,1110,Aceh Singkil,Aceh,46.65929147844474,19,False
Fokus kerentanan,1111,Bireuen,Aceh,31.442190979772842,125,False
Fokus kerentanan,1113,Gayo Lues,Aceh,27.759448878354288,178,False
Fokus kerentanan,1114,Aceh Jaya,Aceh,32.87078145459148,94,False
Fokus kerentanan,1115,Nagan Raya,Aceh,39.09718311708257,60,False
Fokus kerentanan,1116,Aceh Tamiang,Aceh,32.394257218390024,107,False
Fokus kerentanan,1117,Bener Meriah,Aceh,44.754548554538275,26,False
Fokus kerentanan,1118,Pidie Jaya,Aceh,41.21446528920778,41,False
Fokus kerentanan,1171,Banda Aceh,Aceh,24.424390422076474,241,False
Fokus kerentanan,1172,Sabang,Aceh,31.456553049159805,122,False
Fokus kerentanan,1173,Lhokseumawe,Aceh,24.910010578954875,227,False
Fokus kerentanan,1174,Langsa,Aceh,18.399054824807997,332,False
Fokus kerentanan,1175,Subulussalam,Aceh,43.09872722500725,32,False
Fokus kerentanan,1201,Tapanuli Tengah,Sumatera Utara,37.019037768661626,66,False
Fokus kerentanan,1202,Tapanuli Utara,Sumatera Utara,35.24615951055681,81,False
Fokus kerentanan,1203,Tapanuli Selatan,Sumatera Utara,11.849001036055462,396,False
Fokus kerentanan,1208,Simalungun,Sumatera Utara,27.079219623463068,193,False
Fokus kerentanan,1209,Asahan,Sumatera Utara,18.91856303258672,319,False
Fokus kerentanan,1210,Labuhan Batu,Sumatera Utara,26.815790169896044,202,False
Fokus kerentanan,1211,Dairi,Sumatera Utara,30.623674798290352,135,False
Fokus kerentanan,1212,Toba Samosir,Sumatera Utara,27.51960293238796,185,False
Fokus kerentanan,1213,Mandailing Natal,Sumatera Utara,27.808901292359412,176,False
Fokus kerentanan,1214,Nias Selatan,Sumatera Utara,40.62183710828543,46,False
Fokus kerentanan,1215,Pakpak Bharat,Sumatera Utara,30.879469720641207,131,False
Fokus kerentanan,1216,Humbang Hasundutan,Sumatera Utara,22.610358730401874,267,False
Fokus kerentanan,1217,Samosir,Sumatera Utara,33.66389813614166,89,False
Fokus kerentanan,1218,Serdang Bedagai,Sumatera Utara,20.70978548181567,297,False
Fokus kerentanan,1225,Nias Barat,Sumatera Utara,48.12335521842361,16,False
Fokus kerentanan,1272,Pematang Siantar,Sumatera Utara,13.725022895641112,385,False
Fokus kerentanan,1274,Tanjung Balai,Sumatera Utara,12.204361954656925,394,False
Fokus kerentanan,1275,Binjai,Sumatera Utara,26.590172183045592,205,False
Fokus kerentanan,1277,Padang Sidimpuan,Sumatera Utara,34.470874010797075,85,False
Fokus kerentanan,1278,Gunungsitoli,Sumatera Utara,27.779503977437855,177,False
Fokus kerentanan,1301,Pesisir Selatan,Sumatera Barat,27.539942157275462,184,False
Fokus kerentanan,1302,Solok,Sumatera Barat,30.64724920162812,134,False
Fokus kerentanan,1303,Sijunjung,Sumatera Barat,28.614803568628332,161,False
Fokus kerentanan,1304,Tanah Datar,Sumatera Barat,25.886885155647647,215,False
Fokus kerentanan,1305,Padang Pariaman,Sumatera Barat,26.343033691165527,211,False
Fokus kerentanan,1306,Agam,Sumatera Barat,27.318190406474297,188,False
Fokus kerentanan,1307,Limapuluh Koto,Sumatera Barat,25.739533004226082,222,False
Fokus kerentanan,1308,Pasaman,Sumatera Barat,31.53200619799909,121,False
Fokus kerentanan,1309,Kepulauan Mentawai,Sumatera Barat,39.22961877586528,58,False
Fokus kerentanan,1310,Dharmas Raya,Sumatera Barat,20.112964499964715,307,False
Fokus kerentanan,1312,Pasaman Barat,Sumatera Barat,27.56767198459078,183,False
Fokus kerentanan,1371,Padang,Sumatera Barat,21.443802209778788,289,False
Fokus kerentanan,1372,Solok,Sumatera Barat,13.9032830022627,382,False
Fokus kerentanan,1373,Sawah Lunto,Sumatera Barat,19.358600632755376,315,False
Fokus kerentanan,1374,Padang Panjang,Sumatera Barat,18.887177301772596,321,False
Fokus kerentanan,1375,Bukittinggi,Sumatera Barat,13.443196102437872,388,False
Fokus kerentanan,1376,Payakumbuh,Sumatera Barat,16.412665546859724,358,False
Fokus kerentanan,1377,Pariaman,Sumatera Barat,16.687039610751768,354,False
Fokus kerentanan,1402,Indragiri Hulu,Riau,26.441228189344383,209,False
Fokus kerentanan,1403,Bengkalis,Riau,20.103827379148804,308,False
Fokus kerentanan,1406,Rokan Hulu,Riau,28.839172059959196,158,False
Fokus kerentanan,1407,Rokan Hilir,Riau,30.567020052102666,137,False
Fokus kerentanan,1408,Siak,Riau,20.88138956705223,294,False
Fokus kerentanan,1409,Kuantan Sengingi,Riau,30.212879973618072,144,False
Fokus kerentanan,1410,Kepulauan Meranti,Riau,32.565887895062474,102,False
Fokus kerentanan,1471,Pekanbaru,Riau,13.068700181153675,392,False
Fokus kerentanan,1472,Dumai,Riau,17.423879624433877,345,False
Fokus kerentanan,1502,Merangin,Jambi,14.743196931625569,378,False
Fokus kerentanan,1503,Sarolangun,Jambi,13.75401762327008,384,False
Fokus kerentanan,1506,Tanjung Jabung Barat,Jambi,15.286469650335722,370,False
Fokus kerentanan,1507,Tanjung Jabung Timur,Jambi,31.645039642553048,119,False
Fokus kerentanan,1509,Tebo,Jambi,22.979476517210834,262,False
Fokus kerentanan,1571,Jambi,Jambi,13.132949280394872,391,False
Fokus kerentanan,1572,Sungai Penuh,Jambi,7.098621630443458,404,False
Fokus kerentanan,1601,Ogan Komering Ulu,Sumatera Selatan,29.785099883311823,149,False
Fokus kerentanan,1602,Ogan Komering Ilir,Sumatera Selatan,28.257363278262822,170,False
Fokus kerentanan,1603,Muara Enim,Sumatera Selatan,26.94931342774183,198,False
Fokus kerentanan,1604,Lahat,Sumatera Selatan,21.986869143267253,277,False
Fokus kerentanan,1605,Musi Rawas,Sumatera Selatan,25.163161421222284,226,False
Fokus kerentanan,1609,Ogan Komering Ulu Selatan,Sumatera Selatan,20.351527078457853,302,False
Fokus kerentanan,1610,Ogan Ilir,Sumatera Selatan,32.39986649987241,106,False
Fokus kerentanan,1611,Empat Lawang,Sumatera Selatan,34.05768539872022,87,False
Fokus kerentanan,1612,Penukal Abab Lematang Ilir,Sumatera Selatan,27.01541468700009,196,False
Fokus kerentanan,1671,Palembang,Sumatera Selatan,15.378688461073462,369,False
Fokus kerentanan,1673,Lubuklinggau,Sumatera Selatan,27.85747604294702,175,False
Fokus kerentanan,1674,Prabumulih,Sumatera Selatan,18.80664469756829,325,False
Fokus kerentanan,1702,Rejang Lebong,Bengkulu,32.28572342294393,109,False
Fokus kerentanan,1703,Bengkulu Utara,Bengkulu,27.69888639123411,180,False
Fokus kerentanan,1704,Kaur,Bengkulu,24.49128273102933,238,False
Fokus kerentanan,1705,Seluma,Bengkulu,31.984657946713757,115,False
Fokus kerentanan,1706,Mukomuko,Bengkulu,28.096127076674755,171,False
Fokus kerentanan,1707,Lebong,Bengkulu,25.854132093174453,218,False
Fokus kerentanan,1709,Bengkulu Tengah,Bengkulu,32.08113560434331,113,False
Fokus kerentanan,1771,Bengkulu,Bengkulu,24.401796792476503,242,False
Fokus kerentanan,1801,Lampung Selatan,Lampung,16.54437663806471,356,False
Fokus kerentanan,1802,Lampung Tengah,Lampung,19.799071693556044,311,False
Fokus kerentanan,1803,Lampung Utara,Lampung,28.64501776118354,160,False
Fokus kerentanan,1804,Lampung Barat,Lampung,26.908953380114085,200,False
Fokus kerentanan,1805,Tulang Bawang,Lampung,21.170396614084638,292,False
Fokus kerentanan,1806,Tanggamus,Lampung,29.913554883437637,147,False
Fokus kerentanan,1807,Lampung Timur,Lampung,20.670278170810167,299,False
Fokus kerentanan,1808,Way Kanan,Lampung,18.845948607454876,323,False
Fokus kerentanan,1809,Pesawaran,Lampung,23.096699072033747,261,False
Fokus kerentanan,1810,Pringsewu,Lampung,21.485644641979093,287,False
Fokus kerentanan,1811,Mesuji,Lampung,11.114874835544889,400,False
Fokus kerentanan,1812,Tulang Bawang Barat,Lampung,15.865060508471894,364,False
Fokus kerentanan,1813,Pesisir Barat,Lampung,26.470292951078275,207,False
Fokus kerentanan,1871,Bandar Lampung,Lampung,18.10894348242178,336,False
Fokus kerentanan,1872,Metro,Lampung,16.2663970927101,362,False
Fokus kerentanan,1901,Bangka,Kepulauan Bangka Belitung,22.812760219902238,264,False
Fokus kerentanan,1902,Belitung,Kepulauan Bangka Belitung,27.13583162317708,191,False
Fokus kerentanan,1903,Bangka Selatan,Kepulauan Bangka Belitung,23.914493854609013,251,False
Fokus kerentanan,1904,Bangka Tengah,Kepulauan Bangka Belitung,29.851521295612194,148,False
Fokus kerentanan,1905,Bangka Barat,Kepulauan Bangka Belitung,24.62594963317899,234,False
Fokus kerentanan,1906,Belitung Timur,Kepulauan Bangka Belitung,23.60257625263746,254,False
Fokus kerentanan,1971,Pangkal Pinang,Kepulauan Bangka Belitung,16.648880025269722,355,False
Fokus kerentanan,2102,Karimun,Kepulauan Riau,28.492856660491714,164,False
Fokus kerentanan,2103,Natuna,Kepulauan Riau,25.77991604973329,220,False
Fokus kerentanan,2104,Lingga,Kepulauan Riau,29.33605374562327,151,False
Fokus kerentanan,2105,Kepulauan Anambas,Kepulauan Riau,24.819329937298498,229,False
Fokus kerentanan,2171,Batam,Kepulauan Riau,14.766759822834153,376,False
Fokus kerentanan,2172,Tanjung Pinang,Kepulauan Riau,15.134063080413284,373,False
Fokus kerentanan,3101,Kepulauan Seribu,DKI Jakarta,30.182636712737967,145,False
Fokus kerentanan,3171,Jakarta Pusat,DKI Jakarta,20.133608909517736,306,False
Fokus kerentanan,3172,Jakarta Utara,DKI Jakarta,20.03895215350166,309,False
Fokus kerentanan,3173,Jakarta Barat,DKI Jakarta,17.33760928309182,347,False
Fokus kerentanan,3174,Jakarta Selatan,DKI Jakarta,16.317613197819885,361,False
Fokus kerentanan,3175,Jakarta Timur,DKI Jakarta,18.076340020337973,337,False
Fokus kerentanan,3202,Sukabumi,Jawa Barat,26.65667376880924,203,False
Fokus kerentanan,3203,Cianjur,Jawa Barat,16.862477040711227,351,False
Fokus kerentanan,3204,Bandung,Jawa Barat,30.57304067883287,136,False
Fokus kerentanan,3205,Garut,Jawa Barat,22.459266624008407,270,False
Fokus kerentanan,3206,Tasikmalaya,Jawa Barat,25.326634907966124,224,False
Fokus kerentanan,3208,Kuningan,Jawa Barat,27.191604630454155,189,False
Fokus kerentanan,3210,Majalengka,Jawa Barat,24.533181502196204,236,False
Fokus kerentanan,3211,Sumedang,Jawa Barat,22.593512275311525,268,False
Fokus kerentanan,3212,Indramayu,Jawa Barat,15.188201083689174,371,False
Fokus kerentanan,3213,Subang,Jawa Barat,17.758651346253135,340,False
Fokus kerentanan,3214,Purwakarta,Jawa Barat,17.27956291627505,349,False
Fokus kerentanan,3215,Karawang,Jawa Barat,21.864247457903417,280,False
Fokus kerentanan,3217,Bandung Barat,Jawa Barat,36.011038836488154,74,False
Fokus kerentanan,3218,Pangandaran,Jawa Barat,19.343127441678092,316,False
Fokus kerentanan,3271,Bogor,Jawa Barat,24.658795784626445,233,False
Fokus kerentanan,3273,Bandung,Jawa Barat,25.868337715328263,216,False
Fokus kerentanan,3274,Cirebon,Jawa Barat,16.69352616187893,353,False
Fokus kerentanan,3275,Bekasi,Jawa Barat,11.88546227561072,395,False
Fokus kerentanan,3276,Depok,Jawa Barat,13.431193495918775,389,False
Fokus kerentanan,3277,Cimahi,Jawa Barat,22.210281823163903,273,False
Fokus kerentanan,3278,Tasikmalaya,Jawa Barat,29.04136781177886,154,False
Fokus kerentanan,3279,Banjar,Jawa Barat,21.847956689477627,281,False
Fokus kerentanan,3301,Cilacap,Jawa Tengah,21.706755709946687,284,False
Fokus kerentanan,3302,Banyumas,Jawa Tengah,28.412423412195466,166,False
Fokus kerentanan,3303,Purbalingga,Jawa Tengah,31.44818276177452,124,False
Fokus kerentanan,3304,Banjarnegara,Jawa Tengah,29.12466289829026,153,False
Fokus kerentanan,3305,Kebumen,Jawa Tengah,27.482166404835798,186,False
Fokus kerentanan,3306,Purworejo,Jawa Tengah,19.155936501796624,317,False
Fokus kerentanan,3309,Boyolali,Jawa Tengah,28.328888943593412,168,False
Fokus kerentanan,3310,Klaten,Jawa Tengah,26.91040032370787,199,False
Fokus kerentanan,3311,Sukoharjo,Jawa Tengah,18.51341381496697,329,False
Fokus kerentanan,3312,Wonogiri,Jawa Tengah,18.39701807577573,333,False
Fokus kerentanan,3314,Sragen,Jawa Tengah,20.86536001253436,295,False
Fokus kerentanan,3315,Grobogan,Jawa Tengah,29.95129006207286,146,False
Fokus kerentanan,3316,Blora,Jawa Tengah,26.477048210423558,206,False
Fokus kerentanan,3317,Rembang,Jawa Tengah,21.77299247108047,283,False
Fokus kerentanan,3318,Pati,Jawa Tengah,19.63209640275232,312,False
Fokus kerentanan,3321,Demak,Jawa Tengah,14.965382249102376,374,False
Fokus kerentanan,3323,Temanggung,Jawa Tengah,31.314658635277638,127,False
Fokus kerentanan,3324,Kendal,Jawa Tengah,22.716353096800074,265,False
Fokus kerentanan,3325,Batang,Jawa Tengah,23.616452485169766,253,False
Fokus kerentanan,3326,Pekalongan,Jawa Tengah,24.137977881636587,246,False
Fokus kerentanan,3327,Pemalang,Jawa Tengah,26.875412852074046,201,False
Fokus kerentanan,3328,Tegal,Jawa Tengah,18.69384921456983,326,False
Fokus kerentanan,3329,Brebes,Jawa Tengah,34.83650254065865,82,False
Fokus kerentanan,3371,Magelang,Jawa Tengah,13.987080421685114,381,False
Fokus kerentanan,3372,Surakarta,Jawa Tengah,17.55443597539289,343,False
Fokus kerentanan,3373,Salatiga,Jawa Tengah,11.830471847445118,397,False
Fokus kerentanan,3374,Semarang,Jawa Tengah,13.800390382806231,383,False
Fokus kerentanan,3375,Pekalongan,Jawa Tengah,23.19991796436775,260,False
Fokus kerentanan,3376,Tegal,Jawa Tengah,19.91987829862367,310,False
Fokus kerentanan,3401,Kulon Progo,DI Yogyakarta,24.02082890408608,249,False
Fokus kerentanan,3402,Bantul,DI Yogyakarta,24.334740385263878,243,False
Fokus kerentanan,3403,Gunung Kidul,DI Yogyakarta,26.97197456075461,197,False
Fokus kerentanan,3404,Sleman,DI Yogyakarta,21.15370025282688,293,False
Fokus kerentanan,3471,Yogyakarta,DI Yogyakarta,17.64638639768833,341,False
Fokus kerentanan,3501,Pacitan,Jawa Timur,19.38957708080678,313,False
Fokus kerentanan,3503,Trenggalek,Jawa Timur,11.6712045346103,398,False
Fokus kerentanan,3504,Tulungagung,Jawa Timur,15.79612620148712,365,False
Fokus kerentanan,3505,Blitar,Jawa Timur,22.07416214056793,275,False
Fokus kerentanan,3506,Kediri,Jawa Timur,15.397730702755485,368,False
Fokus kerentanan,3507,Malang,Jawa Timur,30.526645923404352,139,False
Fokus kerentanan,3508,Lumajang,Jawa Timur,28.278270414397902,169,False
Fokus kerentanan,3509,Jember,Jawa Timur,36.71522444032352,69,False
Fokus kerentanan,3510,Banyuwangi,Jawa Timur,20.553587817668664,300,False
Fokus kerentanan,3511,Bondowoso,Jawa Timur,17.30907330229822,348,False
Fokus kerentanan,3512,Situbondo,Jawa Timur,16.761766038885494,352,False
Fokus kerentanan,3514,Pasuruan,Jawa Timur,30.45005049114053,141,False
Fokus kerentanan,3516,Mojokerto,Jawa Timur,18.207139557167242,335,False
Fokus kerentanan,3517,Jombang,Jawa Timur,22.681731592139894,266,False
Fokus kerentanan,3518,Nganjuk,Jawa Timur,27.039282044438767,195,False
Fokus kerentanan,3519,Madiun,Jawa Timur,14.86742274206095,375,False
Fokus kerentanan,3520,Magetan,Jawa Timur,13.357858127045132,390,False
Fokus kerentanan,3521,Ngawi,Jawa Timur,18.27593884562848,334,False
Fokus kerentanan,3522,Bojonegoro,Jawa Timur,17.353114239099362,346,False
Fokus kerentanan,3523,Tuban,Jawa Timur,18.67390462845521,327,False
Fokus kerentanan,3524,Lamongan,Jawa Timur,13.5376007094701,386,False
Fokus kerentanan,3525,Gresik,Jawa Timur,18.57304742076095,328,False
Fokus kerentanan,3526,Bangkalan,Jawa Timur,32.46381969173716,105,False
Fokus kerentanan,3527,Sampang,Jawa Timur,32.072450641001154,114,False
Fokus kerentanan,3529,Sumenep,Jawa Timur,22.976686907631382,263,False
Fokus kerentanan,3571,Kediri,Jawa Timur,23.27415744534685,259,False
Fokus kerentanan,3572,Blitar,Jawa Timur,14.249613791916051,379,False
Fokus kerentanan,3573,Malang,Jawa Timur,24.467784040947073,240,False
Fokus kerentanan,3575,Pasuruan,Jawa Timur,20.276621155133803,303,False
Fokus kerentanan,3577,Madiun,Jawa Timur,9.69037285525392,403,False
Fokus kerentanan,3579,Batu,Jawa Timur,25.86025498981061,217,False
Fokus kerentanan,3601,Pandeglang,Banten,33.64545515652405,90,False
Fokus kerentanan,3602,Lebak,Banten,38.287666750526725,63,False
Fokus kerentanan,3603,Tangerang,Banten,32.20945771743211,110,False
Fokus kerentanan,3604,Serang,Banten,22.358177892686715,272,False
Fokus kerentanan,3671,Tangerang,Banten,14.750183769118717,377,False
Fokus kerentanan,3672,Cilegon,Banten,18.90661135857214,320,False
Fokus kerentanan,3674,Tangerang Selatan,Banten,23.39057420501658,257,False
Fokus kerentanan,5101,Jembrana,Bali,6.560570923760136,405,False
Fokus kerentanan,5102,Tabanan,Bali,6.494741766847271,406,False
Fokus kerentanan,5103,Badung,Bali,3.6551095836368566,408,False
Fokus kerentanan,5104,Gianyar,Bali,3.3507279784984356,409,False
Fokus kerentanan,5105,Klungkung,Bali,5.220537941073584,407,False
Fokus kerentanan,5106,Bangli,Bali,9.948148796723295,402,False
Fokus kerentanan,5107,Karangasem,Bali,14.248276114567751,380,False
Fokus kerentanan,5108,Buleleng,Bali,16.91657432325599,350,False
Fokus kerentanan,5203,Lombok Timur,Nusa Tenggara Barat,41.9481937979142,38,False
Fokus kerentanan,5204,Sumbawa,Nusa Tenggara Barat,34.022339099859835,88,False
Fokus kerentanan,5205,Dompu,Nusa Tenggara Barat,23.59356432226206,255,False
Fokus kerentanan,5208,Lombok Utara,Nusa Tenggara Barat,49.67412993247772,13,False
Fokus kerentanan,5271,Mataram,Nusa Tenggara Barat,27.71929473818874,179,False
Fokus kerentanan,5272,Bima,Nusa Tenggara Barat,31.2336430174729,129,False
Fokus kerentanan,5301,Kupang,Nusa Tenggara Timur,51.216835459469756,10,True
Fokus kerentanan,5302,Timor Tengah Selatan,Nusa Tenggara Timur,62.18977284633995,3,True
Fokus kerentanan,5303,Timor Tengah Utara,Nusa Tenggara Timur,55.97956354785022,5,True
Fokus kerentanan,5304,Belu,Nusa Tenggara Timur,45.564828112684836,21,False
Fokus kerentanan,5305,Alor,Nusa Tenggara Timur,47.694329245338594,17,False
Fokus kerentanan,5306,Flores Timur,Nusa Tenggara Timur,35.90428587224378,77,False
Fokus kerentanan,5307,Sikka,Nusa Tenggara Timur,33.10473478803613,93,False
Fokus kerentanan,5308,Ende,Nusa Tenggara Timur,43.60155082138382,31,False
Fokus kerentanan,5309,Ngada,Nusa Tenggara Timur,36.33146091852194,72,False
Fokus kerentanan,5310,Manggarai,Nusa Tenggara Timur,46.685270860635825,18,False
Fokus kerentanan,5311,Sumba Timur,Nusa Tenggara Timur,46.001174704386855,20,False
Fokus kerentanan,5312,Sumba Barat,Nusa Tenggara Timur,49.36334973222211,14,False
Fokus kerentanan,5313,Lembata,Nusa Tenggara Timur,40.439849232154145,49,False
Fokus kerentanan,5314,Rote Ndao,Nusa Tenggara Timur,43.074774741937674,33,False
Fokus kerentanan,5315,Manggarai Barat,Nusa Tenggara Timur,39.471015421082214,56,False
Fokus kerentanan,5316,Nagekeo,Nusa Tenggara Timur,30.467326074719512,140,False
Fokus kerentanan,5317,Sumba Tengah,Nusa Tenggara Timur,54.83239039640486,7,True
Fokus kerentanan,5318,Sumba Barat Daya,Nusa Tenggara Timur,56.73851904155559,4,True
Fokus kerentanan,5319,Manggarai Timur,Nusa Tenggara Timur,52.68766619576661,9,True
Fokus kerentanan,5320,Sabu Raijua,Nusa Tenggara Timur,50.843648838618,11,False
Fokus kerentanan,5371,Kupang,Nusa Tenggara Timur,31.451521949690946,123,False
Fokus kerentanan,6101,Sambas,Kalimantan Barat,39.88292626044302,53,False
Fokus kerentanan,6102,Mempawah,Kalimantan Barat,27.980447500649408,173,False
Fokus kerentanan,6103,Sanggau,Kalimantan Barat,19.068924006585828,318,False
Fokus kerentanan,6104,Ketapang,Kalimantan Barat,20.195209878283116,305,False
Fokus kerentanan,6105,Sintang,Kalimantan Barat,31.301245782676215,128,False
Fokus kerentanan,6107,Bengkayang,Kalimantan Barat,23.55519189954536,256,False
Fokus kerentanan,6108,Landak,Kalimantan Barat,33.3151908360337,92,False
Fokus kerentanan,6109,Sekadau,Kalimantan Barat,17.53238829375755,344,False
Fokus kerentanan,6111,Kayong Utara,Kalimantan Barat,27.156382969489684,190,False
Fokus kerentanan,6112,Kubu Raya,Kalimantan Barat,31.088008582462262,130,False
Fokus kerentanan,6171,Pontianak,Kalimantan Barat,26.382056597226274,210,False
Fokus kerentanan,6172,Singkawang,Kalimantan Barat,26.64357173879895,204,False
Fokus kerentanan,6201,Waringin Barat,Kalimantan Tengah,24.066688455348395,248,False
Fokus kerentanan,6204,Barito Selatan,Kalimantan Tengah,34.60244208399448,84,False
Fokus kerentanan,6205,Barito Utara,Kalimantan Tengah,20.271673611907044,304,False
Fokus kerentanan,6207,Seruyan,Kalimantan Tengah,35.572218764870314,78,False
Fokus kerentanan,6208,Sukamara,Kalimantan Tengah,24.153417868438517,244,False
Fokus kerentanan,6210,Gunung Mas,Kalimantan Tengah,22.554112924674786,269,False
Fokus kerentanan,6211,Pulang Pisau,Kalimantan Tengah,25.774784288043254,221,False
Fokus kerentanan,6212,Murung Raya,Kalimantan Tengah,24.90077788727671,228,False
Fokus kerentanan,6213,Barito Timur,Kalimantan Tengah,21.803449350910228,282,False
Fokus kerentanan,6271,Palangka Raya,Kalimantan Tengah,18.863471139804705,322,False
Fokus kerentanan,6302,Baru,Kalimantan Selatan,26.338758011756006,212,False
Fokus kerentanan,6303,Banjar,Kalimantan Selatan,32.570839379357835,101,False
Fokus kerentanan,6304,Barito Kuala,Kalimantan Selatan,15.898513973487898,363,False
Fokus kerentanan,6305,Tapin,Kalimantan Selatan,11.37462669117086,399,False
Fokus kerentanan,6308,Hulu Sungai Utara,Kalimantan Selatan,27.674858506225526,181,False
Fokus kerentanan,6310,Tanah Bumbu,Kalimantan Selatan,20.4754227802859,301,False
Fokus kerentanan,6311,Balangan,Kalimantan Selatan,16.39064614060128,359,False
Fokus kerentanan,6371,Banjarmasin,Kalimantan Selatan,24.724868095222956,230,False
Fokus kerentanan,6372,Banjar Baru,Kalimantan Selatan,16.44118812756143,357,False
Fokus kerentanan,6401,Paser,Kalimantan Timur,24.146647810680506,245,False
Fokus kerentanan,6402,Kutai Kertanegara,Kalimantan Timur,16.36867168072113,360,False
Fokus kerentanan,6403,Berau,Kalimantan Timur,20.70438991428621,298,False
Fokus kerentanan,6407,Kutai Barat,Kalimantan Timur,35.27278292541133,80,False
Fokus kerentanan,6408,Kutai Timur,Kalimantan Timur,32.81882462515929,96,False
Fokus kerentanan,6409,Penajam Paser Utara,Kalimantan Timur,26.45959550522221,208,False
Fokus kerentanan,6411,Mahakam Ulu,Kalimantan Timur,32.74829241715727,98,False
Fokus kerentanan,6471,Balikpapan,Kalimantan Timur,21.92794942450513,279,False
Fokus kerentanan,6472,Samarinda,Kalimantan Timur,17.92374828192385,339,False
Fokus kerentanan,6474,Bontang,Kalimantan Timur,17.948384784491,338,False
Fokus kerentanan,6502,Malinau,Kalimantan Utara,28.816465398850717,159,False
Fokus kerentanan,6504,Tana Tidung,Kalimantan Utara,13.470450000602897,387,False
Fokus kerentanan,6571,Tarakan,Kalimantan Utara,13.029709391948849,393,False
Fokus kerentanan,7101,Bolaang Mongondow,Sulawesi Utara,21.20993160282371,290,False
Fokus kerentanan,7102,Minahasa,Sulawesi Utara,19.35991841864277,314,False
Fokus kerentanan,7103,Kepulauan Sangihe,Sulawesi Utara,32.6708310300957,100,False
Fokus kerentanan,7104,Kepulauan Talaud,Sulawesi Utara,15.677322443664629,366,False
Fokus kerentanan,7105,Minahasa Selatan,Sulawesi Utara,25.947883164689472,214,False
Fokus kerentanan,7106,Minahasa Utara,Sulawesi Utara,17.5864322638359,342,False
Fokus kerentanan,7108,Bolaang Mongondow Utara,Sulawesi Utara,24.708079837540698,231,False
Fokus kerentanan,7109,Kepulauan Siau Tagulandang Biaro,Sulawesi Utara,29.27660517362679,152,False
Fokus kerentanan,7111,Bolaang Mongondow Selatan,Sulawesi Utara,24.09196430252275,247,False
Fokus kerentanan,7171,Manado,Sulawesi Utara,18.43633059898494,330,False
Fokus kerentanan,7172,Bitung,Sulawesi Utara,21.97156777922715,278,False
Fokus kerentanan,7173,Tomohon,Sulawesi Utara,10.893607589391664,401,False
Fokus kerentanan,7174,Kotamobago,Sulawesi Utara,22.365123258268223,271,False
Fokus kerentanan,7201,Banggai,Sulawesi Tengah,30.363585622743333,143,False
Fokus kerentanan,7202,Poso,Sulawesi Tengah,25.841992096190783,219,False
Fokus kerentanan,7203,Donggala,Sulawesi Tengah,36.81559379477167,68,False
Fokus kerentanan,7204,Toli-Toli,Sulawesi Tengah,32.505048029565174,104,False
Fokus kerentanan,7205,Buol,Sulawesi Tengah,36.832063256982686,67,False
Fokus kerentanan,7206,Morowali,Sulawesi Tengah,27.5862290419959,182,False
Fokus kerentanan,7207,Banggai Kepulauan,Sulawesi Tengah,40.48895172207832,47,False
Fokus kerentanan,7208,Parigi Moutong,Sulawesi Tengah,27.384344648967453,187,False
Fokus kerentanan,7209,Tojo Una Una,Sulawesi Tengah,22.03321884875507,276,False
Fokus kerentanan,7210,Sigi,Sulawesi Tengah,35.29968942392557,79,False
Fokus kerentanan,7211,Banggai Laut,Sulawesi Tengah,40.98748858096924,45,False
Fokus kerentanan,7212,Morowali Utara,Sulawesi Tengah,25.31378798184931,225,False
Fokus kerentanan,7271,Palu,Sulawesi Tengah,25.496355099456423,223,False
Fokus kerentanan,7301,Selayar,Sulawesi Selatan,31.953253601032294,116,False
Fokus kerentanan,7302,Bulukumba,Sulawesi Selatan,28.479349190381996,165,False
Fokus kerentanan,7303,Bantaeng,Sulawesi Selatan,22.15522757656815,274,False
Fokus kerentanan,7304,Jeneponto,Sulawesi Selatan,38.625088026882345,62,False
Fokus kerentanan,7306,Gowa,Sulawesi Selatan,18.4162540847681,331,False
Fokus kerentanan,7308,Bone,Sulawesi Selatan,27.899147492012197,174,False
Fokus kerentanan,7310,Pangkajene dan Kepulauan,Sulawesi Selatan,33.511221284208005,91,False
Fokus kerentanan,7311,Barru,Sulawesi Selatan,27.982063048925706,172,False
Fokus kerentanan,7312,Soppeng,Sulawesi Selatan,28.875048543952357,157,False
Fokus kerentanan,7313,Wajo,Sulawesi Selatan,21.564161831669644,285,False
Fokus kerentanan,7315,Pinrang,Sulawesi Selatan,23.920626275790625,250,False
Fokus kerentanan,7316,Enrekang,Sulawesi Selatan,39.903628689869414,52,False
Fokus kerentanan,7318,Tana Toraja,Sulawesi Selatan,31.872343591850594,118,False
Fokus kerentanan,7322,Luwu Utara,Sulawesi Selatan,31.364874255973238,126,False
Fokus kerentanan,7324,Luwu Timur,Sulawesi Selatan,21.18755263449462,291,False
Fokus kerentanan,7326,Toraja Utara,Sulawesi Selatan,30.415746587600818,142,False
Fokus kerentanan,7371,Makasar,Sulawesi Selatan,24.490148247501033,239,False
Fokus kerentanan,7372,Pare-Pare,Sulawesi Selatan,25.987344212218943,213,False
Fokus kerentanan,7373,Palopo,Sulawesi Selatan,24.56950046552017,235,False
Fokus kerentanan,7401,Kolaka,Sulawesi Tenggara,28.98083214639759,155,False
Fokus kerentanan,7402,Konawe,Sulawesi Tenggara,28.385331209277716,167,False
Fokus kerentanan,7403,Muna,Sulawesi Tenggara,30.536633664874344,138,False
Fokus kerentanan,7404,Buton,Sulawesi Tenggara,36.583764169096405,71,False
Fokus kerentanan,7406,Bombana,Sulawesi Tenggara,24.50715345468283,237,False
Fokus kerentanan,7407,Wakatobi,Sulawesi Tenggara,39.3416842008739,57,False
Fokus kerentanan,7409,Konawe Utara,Sulawesi Tenggara,32.841599463998755,95,False
Fokus kerentanan,7410,Buton Utara,Sulawesi Tenggara,37.32193922301073,65,False
Fokus kerentanan,7411,Kolaka Timur,Sulawesi Tenggara,24.69435002713039,232,False
Fokus kerentanan,7412,Konawe Kepulauan,Sulawesi Tenggara,40.24591806331436,51,False
Fokus kerentanan,7413,Muna Barat,Sulawesi Tenggara,34.15916376643434,86,False
Fokus kerentanan,7414,Buton Tengah,Sulawesi Tenggara,39.54966838329206,54,False
Fokus kerentanan,7415,Buton Selatan,Sulawesi Tenggara,45.18076780151433,24,False
Fokus kerentanan,7471,Kendari,Sulawesi Tenggara,23.740255927570548,252,False
Fokus kerentanan,7472,Bau-Bau,Sulawesi Tenggara,28.49524638179549,163,False
Fokus kerentanan,7501,Gorontalo,Gorontalo,34.68493340710387,83,False
Fokus kerentanan,7502,Boalemo,Gorontalo,15.597300590344263,367,False
Fokus kerentanan,7503,Bone Bolango,Gorontalo,28.499725597626227,162,False
Fokus kerentanan,7504,Pohuwato,Gorontalo,23.376848989208213,258,False
Fokus kerentanan,7505,Gorontalo Utara,Gorontalo,31.591398104426137,120,False
Fokus kerentanan,7571,Gorontalo,Gorontalo,30.86536757509299,132,False
Fokus kerentanan,7601,Mamuju Utara,Sulawesi Barat,42.40636610549798,36,False
Fokus kerentanan,7602,Mamuju,Sulawesi Barat,37.86886939724609,64,False
Fokus kerentanan,7603,Mamasa,Sulawesi Barat,42.915005400500405,34,False
Fokus kerentanan,7604,Polewali Mandar,Sulawesi Barat,38.95770380621892,61,False
Fokus kerentanan,7606,Mamuju Tengah,Sulawesi Barat,29.68498005406309,150,False
Fokus kerentanan,8101,Maluku Tengah,Maluku,32.79125984458314,97,False
Fokus kerentanan,8102,Maluku Tenggara,Maluku,44.672171219935684,27,False
Fokus kerentanan,8103,Kepulauan Tanimbar,Maluku,44.092978676446265,30,False
Fokus kerentanan,8104,Buru,Maluku,30.8172733599842,133,False
Fokus kerentanan,8105,Seram Bagian Timur,Maluku,39.17133285875477,59,False
Fokus kerentanan,8106,Seram Bagian Barat,Maluku,44.45464664000268,28,False
Fokus kerentanan,8107,Kepulauan Aru,Maluku,49.70245732906059,12,False
Fokus kerentanan,8108,Maluku Barat Daya,Maluku,41.564573025652855,40,False
Fokus kerentanan,8109,Buru Selatan,Maluku,45.00300515628234,25,False
Fokus kerentanan,8171,Ambon,Maluku,18.830266320798373,324,False
Fokus kerentanan,8172,Tual,Maluku,40.29969504513807,50,False
Fokus kerentanan,8201,Halmahera Barat,Maluku Utara,32.29820114270996,108,False
Fokus kerentanan,8203,Halmahera Utara,Maluku Utara,21.472498441515285,288,False
Fokus kerentanan,8204,Halmahera Selatan,Maluku Utara,40.44312324415173,48,False
Fokus kerentanan,8206,Halmahera Timur,Maluku Utara,28.971640418125777,156,False
Fokus kerentanan,8208,Pulau Taliabu,Maluku Utara,36.005413702541915,75,False
Fokus kerentanan,8271,Ternate,Maluku Utara,15.180183020220595,372,False
Fokus kerentanan,8272,Tidore Kepulauan,Maluku Utara,20.78572659471814,296,False
Fokus kerentanan,9103,Jayapura,Papua,27.08318549134406,192,False
Fokus kerentanan,9105,Kepulauan Yapen,Papua,45.30659214403372,22,False
Fokus kerentanan,9110,Sarmi,Papua,32.112445559266504,112,False
Fokus kerentanan,9115,Waropen,Papua,39.53056176419853,55,False
Fokus kerentanan,9119,Supiori,Papua,66.27846877736366,1,True
Fokus kerentanan,9120,Mamberamo Raya,Papua,53.820254063158664,8,True
Fokus kerentanan,9301,Merauke,Papua,21.551416127141977,286,False
Fokus kerentanan,9201,Sorong,Papua Barat,42.57487674246342,35,False
Fokus kerentanan,9202,Manokwari,Papua Barat,35.93024394264615,76,False
Fokus kerentanan,9203,Fak-Fak,Papua Barat,41.052722603537696,43,False
Fokus kerentanan,9204,Sorong Selatan,Papua Barat,44.280991745527174,29,False
Fokus kerentanan,9205,Raja Ampat,Papua Barat,48.86607457702458,15,False
Fokus kerentanan,9206,Teluk Bintuni,Papua Barat,45.19726407392111,23,False
Fokus kerentanan,9207,Teluk Wondama,Papua Barat,55.535581354105666,6,True
Fokus kerentanan,9208,Kaimana,Papua Barat,31.875552317078274,117,False
Fokus kerentanan,9211,Manokwari Selatan,Papua Barat,41.80222366579406,39,False
Fokus kerentanan,9212,Pegunungan Arfak,Papua Barat,62.28389614726786,2,True
Seimbang,1101,Aceh Selatan,Aceh,36.1211327758825,44,False
Seimbang,1102,Aceh Tenggara,Aceh,29.028150573049388,106,False
Seimbang,1103,Aceh Timur,Aceh,36.58363001531453,41,False
Seimbang,1104,Aceh Tengah,Aceh,31.79607938561285,78,False
Seimbang,1105,Aceh Barat,Aceh,29.326645478127634,101,False
Seimbang,1106,Aceh Besar,Aceh,33.06341713959857,69,False
Seimbang,1107,Pidie,Aceh,37.910334122059794,34,False
Seimbang,1108,Aceh Utara,Aceh,24.958993530557436,177,False
Seimbang,1109,Simeulue,Aceh,28.546549282341427,114,False
Seimbang,1110,Aceh Singkil,Aceh,40.530608970298,21,False
Seimbang,1111,Bireuen,Aceh,28.442790824722266,116,False
Seimbang,1113,Gayo Lues,Aceh,24.894377314183895,179,False
Seimbang,1114,Aceh Jaya,Aceh,29.06489434864875,104,False
Seimbang,1115,Nagan Raya,Aceh,34.82717709121708,58,False
Seimbang,1116,Aceh Tamiang,Aceh,28.95985987744305,108,False
Seimbang,1117,Bener Meriah,Aceh,38.80095660373395,31,False
Seimbang,1118,Pidie Jaya,Aceh,36.79079986682204,39,False
Seimbang,1171,Banda Aceh,Aceh,22.099276513734264,240,False
Seimbang,1172,Sabang,Aceh,27.672241510506996,131,False
Seimbang,1173,Lhokseumawe,Aceh,22.14831485963082,239,False
Seimbang,1174,Langsa,Aceh,16.292639118805475,346,False
Seimbang,1175,Subulussalam,Aceh,36.75610905373966,40,False
Seimbang,1201,Tapanuli Tengah,Sumatera Utara,32.785782554099804,72,False
Seimbang,1202,Tapanuli Utara,Sumatera Utara,31.15325591379289,83,False
Seimbang,1203,Tapanuli Selatan,Sumatera Utara,10.372918364779217,398,False
Seimbang,1208,Simalungun,Sumatera Utara,24.696172969204916,187,False
Seimbang,1209,Asahan,Sumatera Utara,17.2682406824475,329,False
Seimbang,1210,Labuhan Batu,Sumatera Utara,24.052558888653135,203,False
Seimbang,1211,Dairi,Sumatera Utara,27.207258985510784,141,False
Seimbang,1212,Toba Samosir,Sumatera Utara,24.38928400451995,198,False
Seimbang,1213,Mandailing Natal,Sumatera Utara,24.680661631885446,188,False
Seimbang,1214,Nias Selatan,Sumatera Utara,36.08160150584,45,False
Seimbang,1215,Pakpak Bharat,Sumatera Utara,26.824240937329773,149,False
Seimbang,1216,Humbang Hasundutan,Sumatera Utara,19.99517293119304,279,False
Seimbang,1217,Samosir,Sumatera Utara,29.778223026910574,96,False
Seimbang,1218,Serdang Bedagai,Sumatera Utara,18.926947833665714,299,False
Seimbang,1225,Nias Barat,Sumatera Utara,42.64074677754647,15,False
Seimbang,1272,Pematang Siantar,Sumatera Utara,12.565797192985073,388,False
Seimbang,1274,Tanjung Balai,Sumatera Utara,10.769325362926809,397,False
Seimbang,1275,Binjai,Sumatera Utara,23.67756412876266,209,False
Seimbang,1277,Padang Sidimpuan,Sumatera Utara,29.984950130750637,93,False
Seimbang,1278,Gunungsitoli,Sumatera Utara,24.437862698859956,194,False
Seimbang,1301,Pesisir Selatan,Sumatera Barat,24.859898145305873,182,False
Seimbang,1302,Solok,Sumatera Barat,27.239823435846905,139,False
Seimbang,1303,Sijunjung,Sumatera Barat,25.095894934343832,175,False
Seimbang,1304,Tanah Datar,Sumatera Barat,22.94497867870478,220,False
Seimbang,1305,Padang Pariaman,Sumatera Barat,23.473190233983157,213,False
Seimbang,1306,Agam,Sumatera Barat,24.542083700684717,193,False
Seimbang,1307,Limapuluh Koto,Sumatera Barat,22.801202707560734,226,False
Seimbang,1308,Pasaman,Sumatera Barat,27.84504040562532,127,False
Seimbang,1309,Kepulauan Mentawai,Sumatera Barat,33.790552386891,64,False
Seimbang,1310,Dharmas Raya,Sumatera Barat,17.771834684496476,319,False
Seimbang,1312,Pasaman Barat,Sumatera Barat,24.608547851110853,190,False
Seimbang,1371,Padang,Sumatera Barat,20.631728834761994,268,False
Seimbang,1372,Solok,Sumatera Barat,12.311631242120288,390,False
Seimbang,1373,Sawah Lunto,Sumatera Barat,16.711771140445364,341,False
Seimbang,1374,Padang Panjang,Sumatera Barat,16.718587913426287,340,False
Seimbang,1375,Bukittinggi,Sumatera Barat,12.064472646675886,391,False
Seimbang,1376,Payakumbuh,Sumatera Barat,14.651784809452158,366,False
Seimbang,1377,Pariaman,Sumatera Barat,14.454367896150924,370,False
Seimbang,1402,Indragiri Hulu,Riau,22.86168862068231,224,False
Seimbang,1403,Bengkalis,Riau,17.70154522411643,321,False
Seimbang,1406,Rokan Hulu,Riau,25.304151647673677,172,False
Seimbang,1407,Rokan Hilir,Riau,27.221702468787996,140,False
Seimbang,1408,Siak,Riau,18.502153003565745,303,False
Seimbang,1409,Kuantan Sengingi,Riau,26.408432425655644,153,False
Seimbang,1410,Kepulauan Meranti,Riau,29.31829259849089,102,False
Seimbang,1471,Pekanbaru,Riau,13.19964283478778,382,False
Seimbang,1472,Dumai,Riau,15.232899183438704,359,False
Seimbang,1502,Merangin,Jambi,13.102430155888907,383,False
Seimbang,1503,Sarolangun,Jambi,11.91785845384788,392,False
Seimbang,1506,Tanjung Jabung Barat,Jambi,13.309569375164097,380,False
Seimbang,1507,Tanjung Jabung Timur,Jambi,27.776013429271405,128,False
Seimbang,1509,Tebo,Jambi,20.08209949964726,276,False
Seimbang,1571,Jambi,Jambi,12.551428580208817,389,False
Seimbang,1572,Sungai Penuh,Jambi,6.051201592374439,405,False
Seimbang,1601,Ogan Komering Ulu,Sumatera Selatan,26.48868374402555,151,False
Seimbang,1602,Ogan Komering Ilir,Sumatera Selatan,25.95786622990484,160,False
Seimbang,1603,Muara Enim,Sumatera Selatan,24.231611979130655,200,False
Seimbang,1604,Lahat,Sumatera Selatan,19.90845191613277,280,False
Seimbang,1605,Musi Rawas,Sumatera Selatan,22.80740251537416,225,False
Seimbang,1609,Ogan Komering Ulu Selatan,Sumatera Selatan,18.14191843060734,311,False
Seimbang,1610,Ogan Ilir,Sumatera Selatan,29.244147011815276,103,False
Seimbang,1611,Empat Lawang,Sumatera Selatan,29.833998678797194,95,False
Seimbang,1612,Penukal Abab Lematang Ilir,Sumatera Selatan,23.770861239401253,207,False
Seimbang,1671,Palembang,Sumatera Selatan,16.1606168930691,349,False
Seimbang,1673,Lubuklinggau,Sumatera Selatan,24.405292724003303,195,False
Seimbang,1674,Prabumulih,Sumatera Selatan,16.44121116252612,345,False
Seimbang,1702,Rejang Lebong,Bengkulu,28.593549790316917,113,False
Seimbang,1703,Bengkulu Utara,Bengkulu,24.400045578749975,197,False
Seimbang,1704,Kaur,Bengkulu,21.932762962253246,242,False
Seimbang,1705,Seluma,Bengkulu,28.484366112814076,115,False
Seimbang,1706,Mukomuko,Bengkulu,24.8440424345615,185,False
Seimbang,1707,Lebong,Bengkulu,22.713635781459924,230,False
Seimbang,1709,Bengkulu Tengah,Bengkulu,27.657565911721473,132,False
Seimbang,1771,Bengkulu,Bengkulu,22.3015218579248,236,False
Seimbang,1801,Lampung Selatan,Lampung,16.46204463799132,344,False
Seimbang,1802,Lampung Tengah,Lampung,19.197137900977328,293,False
Seimbang,1803,Lampung Utara,Lampung,26.250472735795192,155,False
Seimbang,1804,Lampung Barat,Lampung,23.848768404039824,206,False
Seimbang,1805,Tulang Bawang,Lampung,19.22989331473668,292,False
Seimbang,1806,Tanggamus,Lampung,26.84360566087682,148,False
Seimbang,1807,Lampung Timur,Lampung,19.825321983543567,283,False
Seimbang,1808,Way Kanan,Lampung,17.1328584784817,333,False
Seimbang,1809,Pesawaran,Lampung,20.900726485220844,260,False
Seimbang,1810,Pringsewu,Lampung,19.601216242323677,285,False
Seimbang,1811,Mesuji,Lampung,10.021128721058195,400,False
Seimbang,1812,Tulang Bawang Barat,Lampung,14.245132357434576,373,False
Seimbang,1813,Pesisir Barat,Lampung,23.512473985727986,212,False
Seimbang,1871,Bandar Lampung,Lampung,17.545645011861527,324,False
Seimbang,1872,Metro,Lampung,14.565444394233767,367,False
Seimbang,1901,Bangka,Kepulauan Bangka Belitung,20.194144201948795,272,False
Seimbang,1902,Belitung,Kepulauan Bangka Belitung,23.15226567302993,217,False
Seimbang,1903,Bangka Selatan,Kepulauan Bangka Belitung,20.936032920538022,259,False
Seimbang,1904,Bangka Tengah,Kepulauan Bangka Belitung,25.499678292332177,167,False
Seimbang,1905,Bangka Barat,Kepulauan Bangka Belitung,20.80929747793276,262,False
Seimbang,1906,Belitung Timur,Kepulauan Bangka Belitung,20.018807613886523,278,False
Seimbang,1971,Pangkal Pinang,Kepulauan Bangka Belitung,14.8421478193523,364,False
Seimbang,2102,Karimun,Kepulauan Riau,24.401409171419388,196,False
Seimbang,2103,Natuna,Kepulauan Riau,21.64520057863036,250,False
Seimbang,2104,Lingga,Kepulauan Riau,24.85179894103947,184,False
Seimbang,2105,Kepulauan Anambas,Kepulauan Riau,20.749595553785703,265,False
Seimbang,2171,Batam,Kepulauan Riau,14.76079513196083,365,False
Seimbang,2172,Tanjung Pinang,Kepulauan Riau,13.288631544158351,381,False
Seimbang,3101,Kepulauan Seribu,DKI Jakarta,25.913517203879973,161,False
Seimbang,3171,Jakarta Pusat,DKI Jakarta,19.17353412394739,294,False
Seimbang,3172,Jakarta Utara,DKI Jakarta,19.2409129051212,291,False
Seimbang,3173,Jakarta Barat,DKI Jakarta,18.068984473210406,312,False
Seimbang,3174,Jakarta Selatan,DKI Jakarta,17.143881624453915,332,False
Seimbang,3175,Jakarta Timur,DKI Jakarta,19.51180000042227,287,False
Seimbang,3202,Sukabumi,Jawa Barat,26.700379699064314,150,False
Seimbang,3203,Cianjur,Jawa Barat,18.46549780112635,305,False
Seimbang,3204,Bandung,Jawa Barat,31.726963339730226,79,False
Seimbang,3205,Garut,Jawa Barat,23.876744026694485,205,False
Seimbang,3206,Tasikmalaya,Jawa Barat,24.564348459654916,192,False
Seimbang,3208,Kuningan,Jawa Barat,25.60219736067903,164,False
Seimbang,3210,Majalengka,Jawa Barat,23.289046117375683,216,False
Seimbang,3211,Sumedang,Jawa Barat,21.659870349518098,247,False
Seimbang,3212,Indramayu,Jawa Barat,15.923585820712056,350,False
Seimbang,3213,Subang,Jawa Barat,17.774629352819368,318,False
Seimbang,3214,Purwakarta,Jawa Barat,16.475596521059003,343,False
Seimbang,3215,Karawang,Jawa Barat,22.747950989513157,229,False
Seimbang,3217,Bandung Barat,Jawa Barat,33.731562340170775,65,False
Seimbang,3218,Pangandaran,Jawa Barat,17.478546095546307,325,False
Seimbang,3271,Bogor,Jawa Barat,23.130085303686172,218,False
Seimbang,3273,Bandung,Jawa Barat,26.94915529916415,146,False
Seimbang,3274,Cirebon,Jawa Barat,15.357983973496204,357,False
Seimbang,3275,Bekasi,Jawa Barat,13.697160998644797,377,False
Seimbang,3276,Depok,Jawa Barat,14.36631859468562,371,False
Seimbang,3277,Cimahi,Jawa Barat,20.12763593011904,274,False
Seimbang,3278,Tasikmalaya,Jawa Barat,26.440673498651496,152,False
Seimbang,3279,Banjar,Jawa Barat,19.161719968276085,295,False
Seimbang,3301,Cilacap,Jawa Tengah,21.38047429351772,254,False
Seimbang,3302,Banyumas,Jawa Tengah,27.369804536156355,135,False
Seimbang,3303,Purbalingga,Jawa Tengah,28.90291993758903,109,False
Seimbang,3304,Banjarnegara,Jawa Tengah,27.033959690170626,145,False
Seimbang,3305,Kebumen,Jawa Tengah,26.01761245992077,158,False
Seimbang,3306,Purworejo,Jawa Tengah,17.88492894626073,316,False
Seimbang,3309,Boyolali,Jawa Tengah,26.2986739170589,154,False
Seimbang,3310,Klaten,Jawa Tengah,25.324261919703716,171,False
Seimbang,3311,Sukoharjo,Jawa Tengah,17.7227574925903,320,False
Seimbang,3312,Wonogiri,Jawa Tengah,17.400195515109417,327,False
Seimbang,3314,Sragen,Jawa Tengah,19.884370156609688,281,False
Seimbang,3315,Grobogan,Jawa Tengah,28.27866779301853,119,False
Seimbang,3316,Blora,Jawa Tengah,24.564912366126723,191,False
Seimbang,3317,Rembang,Jawa Tengah,20.385804770158035,271,False
Seimbang,3318,Pati,Jawa Tengah,19.04299249238018,296,False
Seimbang,3321,Demak,Jawa Tengah,15.130780478357279,360,False
Seimbang,3323,Temanggung,Jawa Tengah,28.175633183469177,121,False
Seimbang,3324,Kendal,Jawa Tengah,21.34541547621592,255,False
Seimbang,3325,Batang,Jawa Tengah,21.70418639974423,246,False
Seimbang,3326,Pekalongan,Jawa Tengah,22.41289521718604,235,False
Seimbang,3327,Pemalang,Jawa Tengah,25.625801799009473,163,False
Seimbang,3328,Tegal,Jawa Tengah,18.227517877154114,309,False
Seimbang,3329,Brebes,Jawa Tengah,33.101952968190936,68,False
Seimbang,3371,Magelang,Jawa Tengah,12.7124507625596,385,False
Seimbang,3372,Surakarta,Jawa Tengah,16.843311734890364,338,False
Seimbang,3373,Salatiga,Jawa Tengah,10.882071724515603,395,False
Seimbang,3374,Semarang,Jawa Tengah,15.033937884701682,363,False
Seimbang,3375,Pekalongan,Jawa Tengah,20.51342510089217,269,False
Seimbang,3376,Tegal,Jawa Tengah,17.924881556319452,313,False
Seimbang,3401,Kulon Progo,DI Yogyakarta,22.15162079041995,238,False
Seimbang,3402,Bantul,DI Yogyakarta,22.91678057938597,221,False
Seimbang,3403,Gunung Kidul,DI Yogyakarta,24.87178986307789,181,False
Seimbang,3404,Sleman,DI Yogyakarta,20.83613890407606,261,False
Seimbang,3471,Yogyakarta,DI Yogyakarta,16.173986802015254,348,False
Seimbang,3501,Pacitan,Jawa Timur,17.89759193762145,315,False
Seimbang,3503,Trenggalek,Jawa Timur,11.134908870495222,394,False
Seimbang,3504,Tulungagung,Jawa Timur,15.053669193897802,362,False
Seimbang,3505,Blitar,Jawa Timur,20.69551983522344,267,False
Seimbang,3506,Kediri,Jawa Timur,15.446435238209412,356,False
Seimbang,3507,Malang,Jawa Timur,29.884619769440086,94,False
Seimbang,3508,Lumajang,Jawa Timur,25.974206694491688,159,False
Seimbang,3509,Jember,Jawa Timur,35.2631437071434,51,False
Seimbang,3510,Banyuwangi,Jawa Timur,20.0399677838492,277,False
Seimbang,3511,Bondowoso,Jawa Timur,16.186739824426386,347,False
Seimbang,3512,Situbondo,Jawa Timur,15.603289336189897,352,False
Seimbang,3514,Pasuruan,Jawa Timur,28.713766042214424,112,False
Seimbang,3516,Mojokerto,Jawa Timur,17.61416380537007,323,False
Seimbang,3517,Jombang,Jawa Timur,21.86000996279343,244,False
Seimbang,3518,Nganjuk,Jawa Timur,25.170190195211063,173,False
Seimbang,3519,Madiun,Jawa Timur,14.018905765335834,374,False
Seimbang,3520,Magetan,Jawa Timur,12.694349996289755,386,False
Seimbang,3521,Ngawi,Jawa Timur,17.426667598066455,326,False
Seimbang,3522,Bojonegoro,Jawa Timur,17.157881227184276,331,False
Seimbang,3523,Tuban,Jawa Timur,18.312634342888924,307,False
Seimbang,3524,Lamongan,Jawa Timur,13.945655944713822,376,False
Seimbang,3525,Gresik,Jawa Timur,18.499666181589852,304,False
Seimbang,3526,Bangkalan,Jawa Timur,30.395371945259974,87,False
Seimbang,3527,Sampang,Jawa Timur,30.241537991555727,90,False
Seimbang,3529,Sumenep,Jawa Timur,21.92821156327823,243,False
Seimbang,3571,Kediri,Jawa Timur,20.803716682507453,263,False
Seimbang,3572,Blitar,Jawa Timur,12.609566212199107,387,False
Seimbang,3573,Malang,Jawa Timur,23.643968719446676,210,False
Seimbang,3575,Pasuruan,Jawa Timur,17.90302318929943,314,False
Seimbang,3577,Madiun,Jawa Timur,8.930035927732577,402,False
Seimbang,3579,Batu,Jawa Timur,22.464989832071776,234,False
Seimbang,3601,Pandeglang,Banten,31.097795780583144,84,False
Seimbang,3602,Lebak,Banten,35.10691234485375,54,False
Seimbang,3603,Tangerang,Banten,32.670483717316486,73,False
Seimbang,3604,Serang,Banten,21.605321015620596,253,False
Seimbang,3671,Tangerang,Banten,15.270222652598626,358,False
Seimbang,3672,Cilegon,Banten,16.862075497291425,336,False
Seimbang,3674,Tangerang Selatan,Banten,32.14332636614939,76,False
Seimbang,5101,Jembrana,Bali,5.970832779859979,406,False
Seimbang,5102,Tabanan,Bali,6.142233947623558,404,False
Seimbang,5103,Badung,Bali,4.07687446857655,408,False
Seimbang,5104,Gianyar,Bali,3.550920981037449,409,False
Seimbang,5105,Klungkung,Bali,4.784428750338069,407,False
Seimbang,5106,Bangli,Bali,8.567636340575678,403,False
Seimbang,5107,Karangasem,Bali,12.980107013251866,384,False
Seimbang,5108,Buleleng,Bali,15.545452289365683,354,False
Seimbang,5203,Lombok Timur,Nusa Tenggara Barat,38.93101156296994,30,False
Seimbang,5204,Sumbawa,Nusa Tenggara Barat,30.887500142241684,85,False
Seimbang,5205,Dompu,Nusa Tenggara Barat,21.30665038363399,256,False
Seimbang,5208,Lombok Utara,Nusa Tenggara Barat,44.25401481955533,13,False
Seimbang,5271,Mataram,Nusa Tenggara Barat,25.027596737149473,176,False
Seimbang,5272,Bima,Nusa Tenggara Barat,27.322334278133567,136,False
Seimbang,5301,Kupang,Nusa Tenggara Timur,45.86508988521479,10,True
Seimbang,5302,Timor Tengah Selatan,Nusa Tenggara Timur,55.91926189481528,2,True
Seimbang,5303,Timor Tengah Utara,Nusa Tenggara Timur,50.05947112652939,5,True
Seimbang,5304,Belu,Nusa Tenggara Timur,40.37111152936596,22,False
Seimbang,5305,Alor,Nusa Tenggara Timur,42.314558294667336,16,False
Seimbang,5306,Flores Timur,Nusa Tenggara Timur,31.72214702358985,80,False
Seimbang,5307,Sikka,Nusa Tenggara Timur,29.539816482950464,100,False
Seimbang,5308,Ende,Nusa Tenggara Timur,39.2824305597864,28,False
Seimbang,5309,Ngada,Nusa Tenggara Timur,32.27420213961091,74,False
Seimbang,5310,Manggarai,Nusa Tenggara Timur,42.01530737203825,18,False
Seimbang,5311,Sumba Timur,Nusa Tenggara Timur,41.648539712323256,19,False
Seimbang,5312,Sumba Barat,Nusa Tenggara Timur,44.41011663618017,12,False
Seimbang,5313,Lembata,Nusa Tenggara Timur,36.31424358023027,43,False
Seimbang,5314,Rote Ndao,Nusa Tenggara Timur,38.79181333464237,32,False
Seimbang,5315,Manggarai Barat,Nusa Tenggara Timur,35.392040436980814,49,False
Seimbang,5316,Nagekeo,Nusa Tenggara Timur,26.934417315046883,147,False
Seimbang,5317,Sumba Tengah,Nusa Tenggara Timur,49.24013160751645,6,True
Seimbang,5318,Sumba Barat Daya,Nusa Tenggara Timur,50.96381142921755,4,True
Seimbang,5319,Manggarai Timur,Nusa Tenggara Timur,47.18304065585893,8,True
Seimbang,5320,Sabu Raijua,Nusa Tenggara Timur,45.30300391696856,11,False
Seimbang,5371,Kupang,Nusa Tenggara Timur,28.269668114335616,120,False
Seimbang,6101,Sambas,Kalimantan Barat,35.179876309494695,53,False
Seimbang,6102,Mempawah,Kalimantan Barat,24.342937460098153,199,False
Seimbang,6103,Sanggau,Kalimantan Barat,16.856706781893806,337,False
Seimbang,6104,Ketapang,Kalimantan Barat,18.235953501206115,308,False
Seimbang,6105,Sintang,Kalimantan Barat,27.77190769134918,129,False
Seimbang,6107,Bengkayang,Kalimantan Barat,20.79272268200633,264,False
Seimbang,6108,Landak,Kalimantan Barat,29.556551241944533,99,False
Seimbang,6109,Sekadau,Kalimantan Barat,15.073765950880775,361,False
Seimbang,6111,Kayong Utara,Kalimantan Barat,23.75163655541827,208,False
Seimbang,6112,Kubu Raya,Kalimantan Barat,27.27977597073015,137,False
Seimbang,6171,Pontianak,Kalimantan Barat,23.64327644706954,211,False
Seimbang,6172,Singkawang,Kalimantan Barat,22.90074430560468,222,False
Seimbang,6201,Waringin Barat,Kalimantan Tengah,20.452602589564762,270,False
Seimbang,6204,Barito Selatan,Kalimantan Tengah,29.66727274752523,97,False
Seimbang,6205,Barito Utara,Kalimantan Tengah,17.79424318571608,317,False
Seimbang,6207,Seruyan,Kalimantan Tengah,30.470774288604478,86,False
Seimbang,6208,Sukamara,Kalimantan Tengah,20.159553035532436,273,False
Seimbang,6210,Gunung Mas,Kalimantan Tengah,18.81205190892958,302,False
Seimbang,6211,Pulang Pisau,Kalimantan Tengah,22.504389140475197,233,False
Seimbang,6212,Murung Raya,Kalimantan Tengah,20.696643859006674,266,False
Seimbang,6213,Barito Timur,Kalimantan Tengah,19.028866309278847,297,False
Seimbang,6271,Palangka Raya,Kalimantan Tengah,16.704088641487633,342,False
Seimbang,6302,Baru,Kalimantan Selatan,22.787488859100762,227,False
Seimbang,6303,Banjar,Kalimantan Selatan,28.876841268194774,110,False
Seimbang,6304,Barito Kuala,Kalimantan Selatan,14.00798799318228,375,False
Seimbang,6305,Tapin,Kalimantan Selatan,10.05366044785318,399,False
Seimbang,6308,Hulu Sungai Utara,Kalimantan Selatan,24.039796056221398,204,False
Seimbang,6310,Tanah Bumbu,Kalimantan Selatan,18.142604832088978,310,False
Seimbang,6311,Balangan,Kalimantan Selatan,14.300485091288467,372,False
Seimbang,6371,Banjarmasin,Kalimantan Selatan,22.636046235427763,231,False
Seimbang,6372,Banjar Baru,Kalimantan Selatan,14.500198903154267,368,False
Seimbang,6401,Paser,Kalimantan Timur,21.626617382375958,252,False
Seimbang,6402,Kutai Kertanegara,Kalimantan Timur,15.484350587844759,355,False
Seimbang,6403,Berau,Kalimantan Timur,18.396412555514605,306,False
Seimbang,6407,Kutai Barat,Kalimantan Timur,30.37574863206722,88,False
Seimbang,6408,Kutai Timur,Kalimantan Timur,28.821995520834992,111,False
Seimbang,6409,Penajam Paser Utara,Kalimantan Timur,23.444704510868334,214,False
Seimbang,6411,Mahakam Ulu,Kalimantan Timur,28.02391238453939,123,False
Seimbang,6471,Balikpapan,Kalimantan Timur,20.11288677360819,275,False
Seimbang,6472,Samarinda,Kalimantan Timur,17.02369911448412,334,False
Seimbang,6474,Bontang,Kalimantan Timur,15.858166825752944,351,False
Seimbang,6502,Malinau,Kalimantan Utara,24.85970013497144,183,False
Seimbang,6504,Tana Tidung,Kalimantan Utara,10.827486888676798,396,False
Seimbang,6571,Tarakan,Kalimantan Utara,11.710199885650281,393,False
Seimbang,7101,Bolaang Mongondow,Sulawesi Utara,18.850201762061506,300,False
Seimbang,7102,Minahasa,Sulawesi Utara,17.23047245069071,330,False
Seimbang,7103,Kepulauan Sangihe,Sulawesi Utara,27.958150772870066,126,False
Seimbang,7104,Kepulauan Talaud,Sulawesi Utara,13.671398123928268,378,False
Seimbang,7105,Minahasa Selatan,Sulawesi Utara,23.003754538429494,219,False
Seimbang,7106,Minahasa Utara,Sulawesi Utara,15.579478465084929,353,False
Seimbang,7108,Bolaang Mongondow Utara,Sulawesi Utara,21.65699803910532,249,False
Seimbang,7109,Kepulauan Siau Tagulandang Biaro,Sulawesi Utara,24.696561928742263,186,False
Seimbang,7111,Bolaang Mongondow Selatan,Sulawesi Utara,21.061346372686373,258,False
Seimbang,7171,Manado,Sulawesi Utara,16.79714856372348,339,False
Seimbang,7172,Bitung,Sulawesi Utara,19.292620252035288,289,False
Seimbang,7173,Tomohon,Sulawesi Utara,9.49425674353585,401,False
Seimbang,7174,Kotamobago,Sulawesi Utara,19.384384565681806,288,False
Seimbang,7201,Banggai,Sulawesi Tengah,27.123491546671644,143,False
Seimbang,7202,Poso,Sulawesi Tengah,23.329969036033823,215,False
Seimbang,7203,Donggala,Sulawesi Tengah,32.810550245336955,71,False
Seimbang,7204,Toli-Toli,Sulawesi Tengah,28.97927601269122,107,False
Seimbang,7205,Buol,Sulawesi Tengah,32.84616104124487,70,False
Seimbang,7206,Morowali,Sulawesi Tengah,24.65052230184783,189,False
Seimbang,7207,Banggai Kepulauan,Sulawesi Tengah,34.88276448297279,57,False
Seimbang,7208,Parigi Moutong,Sulawesi Tengah,24.89125622523119,180,False
Seimbang,7209,Tojo Una Una,Sulawesi Tengah,19.85225270686438,282,False
Seimbang,7210,Sigi,Sulawesi Tengah,31.29656958794139,82,False
Seimbang,7211,Banggai Laut,Sulawesi Tengah,35.25731223262574,52,False
Seimbang,7212,Morowali Utara,Sulawesi Tengah,22.54030897559863,232,False
Seimbang,7271,Palu,Sulawesi Tengah,22.867868403610945,223,False
Seimbang,7301,Selayar,Sulawesi Selatan,27.996988656318887,125,False
Seimbang,7302,Bulukumba,Sulawesi Selatan,25.386142080786815,170,False
Seimbang,7303,Bantaeng,Sulawesi Selatan,19.787929088424136,284,False
Seimbang,7304,Jeneponto,Sulawesi Selatan,34.52817275038985,62,False
Seimbang,7306,Gowa,Sulawesi Selatan,17.315598024748425,328,False
Seimbang,7308,Bone,Sulawesi Selatan,25.58677183659139,166,False
Seimbang,7310,Pangkajene dan Kepulauan,Sulawesi Selatan,30.013822630930083,92,False
Seimbang,7311,Barru,Sulawesi Selatan,24.958939155253358,178,False
Seimbang,7312,Soppeng,Sulawesi Selatan,25.59406004577471,165,False
Seimbang,7313,Wajo,Sulawesi Selatan,19.287998145764444,290,False
Seimbang,7315,Pinrang,Sulawesi Selatan,21.657491365827088,248,False
Seimbang,7316,Enrekang,Sulawesi Selatan,35.4458048268808,48,False
Seimbang,7318,Tana Toraja,Sulawesi Selatan,28.333207102302897,117,False
Seimbang,7322,Luwu Utara,Sulawesi Selatan,28.084500720466554,122,False
Seimbang,7324,Luwu Timur,Sulawesi Selatan,18.99632997555788,298,False
Seimbang,7326,Toraja Utara,Sulawesi Selatan,27.085624696030433,144,False
Seimbang,7371,Makasar,Sulawesi Selatan,24.180224781457362,201,False
Seimbang,7372,Pare-Pare,Sulawesi Selatan,22.773334362169226,228,False
Seimbang,7373,Palopo,Sulawesi Selatan,21.850108408452776,245,False
Seimbang,7401,Kolaka,Sulawesi Tenggara,26.04230658176979,157,False
Seimbang,7402,Konawe,Sulawesi Tenggara,25.669310344115853,162,False
Seimbang,7403,Muna,Sulawesi Tenggara,27.176900453021275,142,False
Seimbang,7404,Buton,Sulawesi Tenggara,32.19744820581918,75,False
Seimbang,7406,Bombana,Sulawesi Tenggara,21.99336606675778,241,False
Seimbang,7407,Wakatobi,Sulawesi Tenggara,33.98467481579725,63,False
Seimbang,7409,Konawe Utara,Sulawesi Tenggara,29.05558609614795,105,False
Seimbang,7410,Buton Utara,Sulawesi Tenggara,33.10823272575692,67,False
Seimbang,7411,Kolaka Timur,Sulawesi Tenggara,22.27621819030202,237,False
Seimbang,7412,Konawe Kepulauan,Sulawesi Tenggara,34.67724735199572,60,False
Seimbang,7413,Muna Barat,Sulawesi Tenggara,30.226186288636757,91,False
Seimbang,7414,Buton Tengah,Sulawesi Tenggara,34.69967260518996,59,False
Seimbang,7415,Buton Selatan,Sulawesi Tenggara,39.514985278218056,25,False
Seimbang,7471,Kendari,Sulawesi Tenggara,21.637478015586225,251,False
Seimbang,7472,Bau-Bau,Sulawesi Tenggara,25.118657487230003,174,False
Seimbang,7501,Gorontalo,Gorontalo,31.36771762343637,81,False
Seimbang,7502,Boalemo,Gorontalo,14.483374820685027,369,False
Seimbang,7503,Bone Bolango,Gorontalo,25.43131595588401,169,False
Seimbang,7504,Pohuwato,Gorontalo,21.283446023653248,257,False
Seimbang,7505,Gorontalo Utara,Gorontalo,28.3221343830611,118,False
Seimbang,7571,Gorontalo,Gorontalo,27.467604466557066,133,False
Seimbang,7601,Mamuju Utara,Sulawesi Barat,36.350985834290654,42,False
Seimbang,7602,Mamuju,Sulawesi Barat,33.5271285726219,66,False
Seimbang,7603,Mamasa,Sulawesi Barat,37.90074372588738,35,False
Seimbang,7604,Polewali Mandar,Sulawesi Barat,35.02258776349943,55,False
Seimbang,7606,Mamuju Tengah,Sulawesi Barat,26.145618836825477,156,False
Seimbang,8101,Maluku Tengah,Maluku,29.578988455562786,98,False
Seimbang,8102,Maluku Tenggara,Maluku,39.37871940838074,26,False
Seimbang,8103,Kepulauan Tanimbar,Maluku,39.315617471099145,27,False
Seimbang,8104,Buru,Maluku,27.710600386553477,130,False
Seimbang,8105,Seram Bagian Timur,Maluku,35.019008338694455,56,False
Seimbang,8106,Seram Bagian Barat,Maluku,39.52192211948025,24,False
Seimbang,8107,Kepulauan Aru,Maluku,43.505871965746586,14,False
Seimbang,8108,Maluku Barat Daya,Maluku,37.4531361374398,38,False
Seimbang,8109,Buru Selatan,Maluku,39.2555660365794,29,False
Seimbang,8171,Ambon,Maluku,16.989199206734845,335,False
Seimbang,8172,Tual,Maluku,35.31909893738138,50,False
Seimbang,8201,Halmahera Barat,Maluku Utara,27.414968187487922,134,False
Seimbang,8203,Halmahera Utara,Maluku Utara,18.849819501478315,301,False
Seimbang,8204,Halmahera Selatan,Maluku Utara,34.54006788341719,61,False
Seimbang,8206,Halmahera Timur,Maluku Utara,25.490699752783332,168,False
Seimbang,8208,Pulau Taliabu,Maluku Utara,30.340718462043395,89,False
Seimbang,8271,Ternate,Maluku Utara,13.596786942389993,379,False
Seimbang,8272,Tidore Kepulauan,Maluku Utara,17.689494193266345,322,False
Seimbang,9103,Jayapura,Papua,24.05860698698018,202,False
Seimbang,9105,Kepulauan Yapen,Papua,40.9331280217908,20,False
Seimbang,9110,Sarmi,Papua,28.008596746512435,124,False
Seimbang,9115,Waropen,Papua,35.82722047475735,46,False
Seimbang,9119,Supiori,Papua,58.907892670809716,1,True
Seimbang,9120,Mamberamo Raya,Papua,47.17476150089409,9,True
Seimbang,9301,Merauke,Papua,19.592985230196735,286,False
Seimbang,9201,Sorong,Papua Barat,37.53642044634623,37,False
Seimbang,9202,Manokwari,Papua Barat,32.01026172443325,77,False
Seimbang,9203,Fak-Fak,Papua Barat,35.788012110208385,47,False
Seimbang,9204,Sorong Selatan,Papua Barat,38.41547892265077,33,False
Seimbang,9205,Raja Ampat,Papua Barat,42.217915200260656,17,False
Seimbang,9206,Teluk Bintuni,Papua Barat,39.57241582029532,23,False
Seimbang,9207,Teluk Wondama,Papua Barat,48.465730418461064,7,True
Seimbang,9208,Kaimana,Papua Barat,27.244605826722335,138,False
Seimbang,9211,Manokwari Selatan,Papua Barat,37.54191846222613,36,False
Seimbang,9212,Pegunungan Arfak,Papua Barat,54.58699870679361,3,True
Fokus cakupan,1101,Aceh Selatan,Aceh,31.71380053542351,50,False
Fokus cakupan,1102,Aceh Tenggara,Aceh,25.500981641128817,111,False
Fokus cakupan,1103,Aceh Timur,Aceh,32.311864457031795,43,False
Fokus cakupan,1104,Aceh Tengah,Aceh,28.063471139986525,80,False
Fokus cakupan,1105,Aceh Barat,Aceh,25.434078916096645,115,False
Fokus cakupan,1106,Aceh Besar,Aceh,28.97021482980483,73,False
Fokus cakupan,1107,Pidie,Aceh,33.160004404453225,38,False
Fokus cakupan,1108,Aceh Utara,Aceh,22.558567164099294,177,False
Fokus cakupan,1109,Simeulue,Aceh,24.751398673491128,129,False
Fokus cakupan,1110,Aceh Singkil,Aceh,35.82422348662063,22,False
Fokus cakupan,1111,Bireuen,Aceh,25.307351730085315,117,False
Fokus cakupan,1113,Gayo Lues,Aceh,21.50565127276865,207,False
Fokus cakupan,1114,Aceh Jaya,Aceh,25.192474436985492,120,False
Fokus cakupan,1115,Nagan Raya,Aceh,30.14373162213481,68,False
Fokus cakupan,1116,Aceh Tamiang,Aceh,25.318137136932165,116,False
Fokus cakupan,1117,Bener Meriah,Aceh,34.4735916096365,28,False
Fokus cakupan,1118,Pidie Jaya,Aceh,31.76997268804365,49,False
Fokus cakupan,1171,Banda Aceh,Aceh,19.841870059268764,244,False
Fokus cakupan,1172,Sabang,Aceh,23.9709078517611,147,False
Fokus cakupan,1173,Lhokseumawe,Aceh,19.455941735398206,252,False
Fokus cakupan,1174,Langsa,Aceh,14.5666442305049,357,False
Fokus cakupan,1175,Subulussalam,Aceh,32.993165064439744,39,False
Fokus cakupan,1201,Tapanuli Tengah,Sumatera Utara,28.965581351328503,74,False
Fokus cakupan,1202,Tapanuli Utara,Sumatera Utara,27.554787421389122,85,False
Fokus cakupan,1203,Tapanuli Selatan,Sumatera Utara,9.823669796475565,397,False
Fokus cakupan,1208,Simalungun,Sumatera Utara,22.589076862259393,175,False
Fokus cakupan,1209,Asahan,Sumatera Utara,16.378172643634088,320,False
Fokus cakupan,1210,Labuhan Batu,Sumatera Utara,21.749330837692657,202,False
Fokus cakupan,1211,Dairi,Sumatera Utara,23.952871202772844,148,False
Fokus cakupan,1212,Toba Samosir,Sumatera Utara,21.380853176731968,210,False
Fokus cakupan,1213,Mandailing Natal,Sumatera Utara,22.533271535690428,178,False
Fokus cakupan,1214,Nias Selatan,Sumatera Utara,31.777617013804157,48,False
Fokus cakupan,1215,Pakpak Bharat,Sumatera Utara,23.392933863718735,165,False
Fokus cakupan,1216,Humbang Hasundutan,Sumatera Utara,17.72155279114536,291,False
Fokus cakupan,1217,Samosir,Sumatera Utara,25.867127797424892,109,False
Fokus cakupan,1218,Serdang Bedagai,Sumatera Utara,17.345929421847632,295,False
Fokus cakupan,1225,Nias Barat,Sumatera Utara,36.93020153274012,17,False
Fokus cakupan,1272,Pematang Siantar,Sumatera Utara,11.361788029375074,388,False
Fokus cakupan,1274,Tanjung Balai,Sumatera Utara,9.885767726640823,396,False
Fokus cakupan,1275,Binjai,Sumatera Utara,20.904133527108378,218,False
Fokus cakupan,1277,Padang Sidimpuan,Sumatera Utara,26.737600961997707,95,False
Fokus cakupan,1278,Gunungsitoli,Sumatera Utara,21.65419764833999,204,False
Fokus cakupan,1301,Pesisir Selatan,Sumatera Barat,22.187122268802586,185,False
Fokus cakupan,1302,Solok,Sumatera Barat,24.130501347448583,143,False
Fokus cakupan,1303,Sijunjung,Sumatera Barat,22.172587976869572,186,False
Fokus cakupan,1304,Tanah Datar,Sumatera Barat,20.25905373041965,234,False
Fokus cakupan,1305,Padang Pariaman,Sumatera Barat,20.88845590895605,219,False
Fokus cakupan,1306,Agam,Sumatera Barat,21.80949403830573,200,False
Fokus cakupan,1307,Limapuluh Koto,Sumatera Barat,20.289343107094666,232,False
Fokus cakupan,1308,Pasaman,Sumatera Barat,24.60066001384327,131,False
Fokus cakupan,1309,Kepulauan Mentawai,Sumatera Barat,29.978704064005363,69,False
Fokus cakupan,1310,Dharmas Raya,Sumatera Barat,15.782346806904037,335,False
Fokus cakupan,1312,Pasaman Barat,Sumatera Barat,22.05199766540313,193,False
Fokus cakupan,1371,Padang,Sumatera Barat,20.016317256516388,241,False
Fokus cakupan,1372,Solok,Sumatera Barat,10.68853928992291,391,False
Fokus cakupan,1373,Sawah Lunto,Sumatera Barat,14.648998736035752,354,False
Fokus cakupan,1374,Padang Panjang,Sumatera Barat,14.49469829235281,360,False
Fokus cakupan,1375,Bukittinggi,Sumatera Barat,10.6233460076174,392,False
Fokus cakupan,1376,Payakumbuh,Sumatera Barat,12.909202887852423,372,False
Fokus cakupan,1377,Pariaman,Sumatera Barat,12.865238186233988,373,False
Fokus cakupan,1402,Indragiri Hulu,Riau,21.229477094542503,211,False
Fokus cakupan,1403,Bengkalis,Riau,17.053343136039008,307,False
Fokus cakupan,1406,Rokan Hulu,Riau,23.542941720591266,160,False
Fokus cakupan,1407,Rokan Hilir,Riau,25.09522917851867,122,False
Fokus cakupan,1408,Siak,Riau,17.172721521900844,301,False
Fokus cakupan,1409,Kuantan Sengingi,Riau,23.73981458307678,157,False
Fokus cakupan,1410,Kepulauan Meranti,Riau,25.437249929827477,114,False
Fokus cakupan,1471,Pekanbaru,Riau,13.478132309163236,368,False
Fokus cakupan,1472,Dumai,Riau,13.984133394710968,363,False
Fokus cakupan,1502,Merangin,Jambi,12.274978751157526,380,False
Fokus cakupan,1503,Sarolangun,Jambi,11.346171316787235,389,False
Fokus cakupan,1506,Tanjung Jabung Barat,Jambi,12.512070910418947,378,False
Fokus cakupan,1507,Tanjung Jabung Timur,Jambi,24.51857512005038,135,False
Fokus cakupan,1509,Tebo,Jambi,18.30998035406172,279,False
Fokus cakupan,1571,Jambi,Jambi,11.923270677447352,384,False
Fokus cakupan,1572,Sungai Penuh,Jambi,5.611606913490802,406,False
Fokus cakupan,1601,Ogan Komering Ulu,Sumatera Selatan,23.570100525722175,159,False
Fokus cakupan,1602,Ogan Komering Ilir,Sumatera Selatan,23.493367823359925,162,False
Fokus cakupan,1603,Muara Enim,Sumatera Selatan,22.048724165247958,194,False
Fokus cakupan,1604,Lahat,Sumatera Selatan,17.867862030402435,290,False
Fokus cakupan,1605,Musi Rawas,Sumatera Selatan,20.14830907707271,238,False
Fokus cakupan,1609,Ogan Komering Ulu Selatan,Sumatera Selatan,16.297203220144418,322,False
Fokus cakupan,1610,Ogan Ilir,Sumatera Selatan,26.131577489619932,103,False
Fokus cakupan,1611,Empat Lawang,Sumatera Selatan,26.293957185764807,98,False
Fokus cakupan,1612,Penukal Abab Lematang Ilir,Sumatera Selatan,21.04908128293016,215,False
Fokus cakupan,1671,Palembang,Sumatera Selatan,16.825447586996596,310,False
Fokus cakupan,1673,Lubuklinggau,Sumatera Selatan,21.845456572322142,197,False
Fokus cakupan,1674,Prabumulih,Sumatera Selatan,14.879879352014273,353,False
Fokus cakupan,1702,Rejang Lebong,Bengkulu,25.196634984069572,119,False
Fokus cakupan,1703,Bengkulu Utara,Bengkulu,21.73274333510389,203,False
Fokus cakupan,1704,Kaur,Bengkulu,19.078305273632225,259,False
Fokus cakupan,1705,Seluma,Bengkulu,24.826084101909608,127,False
Fokus cakupan,1706,Mukomuko,Bengkulu,21.815159295997894,199,False
Fokus cakupan,1707,Lebong,Bengkulu,19.845290764427915,243,False
Fokus cakupan,1709,Bengkulu Tengah,Bengkulu,24.547766766265433,133,False
Fokus cakupan,1771,Bengkulu,Bengkulu,20.261979903822546,233,False
Fokus cakupan,1801,Lampung Selatan,Lampung,15.741126180142864,337,False
Fokus cakupan,1802,Lampung Tengah,Lampung,18.322593966780097,277,False
Fokus cakupan,1803,Lampung Utara,Lampung,23.492374106072393,163,False
Fokus cakupan,1804,Lampung Barat,Lampung,21.11302491947506,214,False
Fokus cakupan,1805,Tulang Bawang,Lampung,17.062425966963854,305,False
Fokus cakupan,1806,Tanggamus,Lampung,24.160886544548248,141,False
Fokus cakupan,1807,Lampung Timur,Lampung,18.4626946830776,273,False
Fokus cakupan,1808,Way Kanan,Lampung,15.540903940613505,342,False
Fokus cakupan,1809,Pesawaran,Lampung,18.731862575387044,269,False
Fokus cakupan,1810,Pringsewu,Lampung,17.49151235096789,294,False
Fokus cakupan,1811,Mesuji,Lampung,8.990299698436333,400,False
Fokus cakupan,1812,Tulang Bawang Barat,Lampung,12.772475718977002,374,False
Fokus cakupan,1813,Pesisir Barat,Lampung,20.54369775554594,229,False
Fokus cakupan,1871,Bandar Lampung,Lampung,17.116678570285718,304,False
Fokus cakupan,1872,Metro,Lampung,13.041312951015824,371,False
Fokus cakupan,1901,Bangka,Kepulauan Bangka Belitung,18.128989358203015,285,False
Fokus cakupan,1902,Belitung,Kepulauan Bangka Belitung,20.86804852731121,220,False
Fokus cakupan,1903,Bangka Selatan,Kepulauan Bangka Belitung,18.463753572388878,272,False
Fokus cakupan,1904,Bangka Tengah,Kepulauan Bangka Belitung,23.039092235994783,169,False
Fokus cakupan,1905,Bangka Barat,Kepulauan Bangka Belitung,18.990244635517357,263,False
Fokus cakupan,1906,Belitung Timur,Kepulauan Bangka Belitung,18.085511403940902,287,False
Fokus cakupan,1971,Pangkal Pinang,Kepulauan Bangka Belitung,13.188560366795475,370,False
Fokus cakupan,2102,Karimun,Kepulauan Riau,22.087204342631477,192,False
Fokus cakupan,2103,Natuna,Kepulauan Riau,19.597192495330173,250,False
Fokus cakupan,2104,Lingga,Kepulauan Riau,22.394326114416337,179,False
Fokus cakupan,2105,Kepulauan Anambas,Kepulauan Riau,18.816417689203092,267,False
Fokus cakupan,2171,Batam,Kepulauan Riau,14.945398750548566,352,False
Fokus cakupan,2172,Tanjung Pinang,Kepulauan Riau,12.091238712560168,383,False
Fokus cakupan,3101,Kepulauan Seribu,DKI Jakarta,22.977201213093213,171,False
Fokus cakupan,3171,Jakarta Pusat,DKI Jakarta,18.092323747272065,286,False
Fokus cakupan,3172,Jakarta Utara,DKI Jakarta,18.507681197981903,270,False
Fokus cakupan,3173,Jakarta Barat,DKI Jakarta,18.787530302998327,268,False
Fokus cakupan,3174,Jakarta Selatan,DKI Jakarta,18.194379371774232,283,False
Fokus cakupan,3175,Jakarta Timur,DKI Jakarta,20.974680673402155,216,False
Fokus cakupan,3202,Sukabumi,Jawa Barat,27.343761866921334,88,False
Fokus cakupan,3203,Cianjur,Jawa Barat,20.155405817343134,237,False
Fokus cakupan,3204,Bandung,Jawa Barat,33.189194433867186,37,False
Fokus cakupan,3205,Garut,Jawa Barat,25.500243703646223,112,False
Fokus cakupan,3206,Tasikmalaya,Jawa Barat,24.079223914567386,146,False
Fokus cakupan,3208,Kuningan,Jawa Barat,23.849844366990272,156,False
Fokus cakupan,3210,Majalengka,Jawa Barat,21.904154846466675,196,False
Fokus cakupan,3211,Sumedang,Jawa Barat,20.52651988329842,230,False
Fokus cakupan,3212,Indramayu,Jawa Barat,16.212604258390538,326,False
Fokus cakupan,3213,Subang,Jawa Barat,17.50926077210557,293,False
Fokus cakupan,3214,Purwakarta,Jawa Barat,15.898575820390391,332,False
Fokus cakupan,3215,Karawang,Jawa Barat,23.393604730724178,164,False
Fokus cakupan,3217,Bandung Barat,Jawa Barat,31.867599275220908,47,False
Fokus cakupan,3218,Pangandaran,Jawa Barat,15.60153917438754,340,False
Fokus cakupan,3271,Bogor,Jawa Barat,21.837460748258533,198,False
Fokus cakupan,3273,Bandung,Jawa Barat,28.059632748943322,81,False
Fokus cakupan,3274,Cirebon,Jawa Barat,13.918595546557125,364,False
Fokus cakupan,3275,Bekasi,Jawa Barat,15.30087358252712,348,False
Fokus cakupan,3276,Depok,Jawa Barat,15.580918185233603,341,False
Fokus cakupan,3277,Cimahi,Jawa Barat,18.252462267657624,282,False
Fokus cakupan,3278,Tasikmalaya,Jawa Barat,24.23943297413151,140,False
Fokus cakupan,3279,Banjar,Jawa Barat,17.02626475517594,308,False
Fokus cakupan,3301,Cilacap,Jawa Tengah,20.833010300057538,221,False
Fokus cakupan,3302,Banyumas,Jawa Tengah,26.193330831946245,99,False
Fokus cakupan,3303,Purbalingga,Jawa Tengah,26.17439364716366,100,False
Fokus cakupan,3304,Banjarnegara,Jawa Tengah,24.514693443823536,136,False
Fokus cakupan,3305,Kebumen,Jawa Tengah,24.083419499067237,145,False
Fokus cakupan,3306,Purworejo,Jawa Tengah,16.270263389535504,323,False
Fokus cakupan,3309,Boyolali,Jawa Tengah,23.911567743700708,151,False
Fokus cakupan,3310,Klaten,Jawa Tengah,23.225866796345038,166,False
Fokus cakupan,3311,Sukoharjo,Jawa Tengah,16.547642499474854,315,False
Fokus cakupan,3312,Wonogiri,Jawa Tengah,15.904789873781487,331,False
Fokus cakupan,3314,Sragen,Jawa Tengah,18.17785152547597,284,False
Fokus cakupan,3315,Grobogan,Jawa Tengah,26.0221169132059,106,False
Fokus cakupan,3316,Blora,Jawa Tengah,22.09173519623945,190,False
Fokus cakupan,3317,Rembang,Jawa Tengah,18.312420653380787,278,False
Fokus cakupan,3318,Pati,Jawa Tengah,18.018094116069165,289,False
Fokus cakupan,3321,Demak,Jawa Tengah,14.553709303525874,358,False
Fokus cakupan,3323,Temanggung,Jawa Tengah,25.45456222872777,113,False
Fokus cakupan,3324,Kendal,Jawa Tengah,19.776366102542813,246,False
Fokus cakupan,3325,Batang,Jawa Tengah,19.838300562609955,245,False
Fokus cakupan,3326,Pekalongan,Jawa Tengah,20.795678290451256,225,False
Fokus cakupan,3327,Pemalang,Jawa Tengah,23.903651817370854,153,False
Fokus cakupan,3328,Tegal,Jawa Tengah,18.029630351178,288,False
Fokus cakupan,3329,Brebes,Jawa Tengah,31.04597194011391,56,False
Fokus cakupan,3371,Magelang,Jawa Tengah,11.183619900888035,390,False
Fokus cakupan,3372,Surakarta,Jawa Tengah,16.006041294741703,327,False
Fokus cakupan,3373,Salatiga,Jawa Tengah,9.650838350233409,398,False
Fokus cakupan,3374,Semarang,Jawa Tengah,16.23540280883175,325,False
Fokus cakupan,3375,Pekalongan,Jawa Tengah,18.369839932096173,276,False
Fokus cakupan,3376,Tegal,Jawa Tengah,15.840207768842676,334,False
Fokus cakupan,3401,Kulon Progo,DI Yogyakarta,19.33327861269145,253,False
Fokus cakupan,3402,Bantul,DI Yogyakarta,21.15938416412996,213,False
Fokus cakupan,3403,Gunung Kidul,DI Yogyakarta,22.117491327311733,188,False
Fokus cakupan,3404,Sleman,DI Yogyakarta,20.697069013430685,226,False
Fokus cakupan,3471,Yogyakarta,DI Yogyakarta,14.953659359105167,351,False
Fokus cakupan,3501,Pacitan,Jawa Timur,15.980292392515572,329,False
Fokus cakupan,3503,Trenggalek,Jawa Timur,10.424746925389622,394,False
Fokus cakupan,3504,Tulungagung,Jawa Timur,14.437560278606465,361,False
Fokus cakupan,3505,Blitar,Jawa Timur,19.172707822586588,255,False
Fokus cakupan,3506,Kediri,Jawa Timur,15.636960184643366,339,False
Fokus cakupan,3507,Malang,Jawa Timur,29.389020849693324,71,False
Fokus cakupan,3508,Lumajang,Jawa Timur,23.87706458884571,155,False
Fokus cakupan,3509,Jember,Jawa Timur,34.148168640906476,31,False
Fokus cakupan,3510,Banyuwangi,Jawa Timur,19.654109090890607,249,False
Fokus cakupan,3511,Bondowoso,Jawa Timur,15.10203179530686,350,False
Fokus cakupan,3512,Situbondo,Jawa Timur,14.52958919339035,359,False
Fokus cakupan,3514,Pasuruan,Jawa Timur,27.200976758877008,93,False
Fokus cakupan,3516,Mojokerto,Jawa Timur,16.697003516347564,314,False
Fokus cakupan,3517,Jombang,Jawa Timur,20.955989547005352,217,False
Fokus cakupan,3518,Nganjuk,Jawa Timur,23.03136976312295,170,False
Fokus cakupan,3519,Madiun,Jawa Timur,12.744468708734644,376,False
Fokus cakupan,3520,Magetan,Jawa Timur,11.654550670256464,386,False
Fokus cakupan,3521,Ngawi,Jawa Timur,15.779222928387277,336,False
Fokus cakupan,3522,Bojonegoro,Jawa Timur,16.397110189705913,317,False
Fokus cakupan,3523,Tuban,Jawa Timur,17.130229934527858,303,False
Fokus cakupan,3524,Lamongan,Jawa Timur,13.590648725383394,367,False
Fokus cakupan,3525,Gresik,Jawa Timur,17.702096000262838,292,False
Fokus cakupan,3526,Bangkalan,Jawa Timur,27.77889577229741,84,False
Fokus cakupan,3527,Sampang,Jawa Timur,27.303868178591937,90,False
Fokus cakupan,3529,Sumenep,Jawa Timur,20.218629553530945,235,False
Fokus cakupan,3571,Kediri,Jawa Timur,19.064237442599392,261,False
Fokus cakupan,3572,Blitar,Jawa Timur,11.43423880926671,387,False
Fokus cakupan,3573,Malang,Jawa Timur,23.20318046624472,167,False
Fokus cakupan,3575,Pasuruan,Jawa Timur,15.892354795966549,333,False
Fokus cakupan,3577,Madiun,Jawa Timur,8.044250247907822,402,False
Fokus cakupan,3579,Batu,Jawa Timur,19.930888603824698,242,False
Fokus cakupan,3601,Pandeglang,Banten,29.085463947939033,72,False
Fokus cakupan,3602,Lebak,Banten,32.698360624720124,42,False
Fokus cakupan,3603,Tangerang,Banten,33.810860136770486,34,False
Fokus cakupan,3604,Serang,Banten,21.57718534315616,206,False
Fokus cakupan,3671,Tangerang,Banten,15.930393390334071,330,False
Fokus cakupan,3672,Cilegon,Banten,15.511132664473909,343,False
Fokus cakupan,3674,Tangerang Selatan,Banten,41.307994598671435,9,True
Fokus cakupan,5101,Jembrana,Bali,5.613032585170972,405,False
Fokus cakupan,5102,Tabanan,Bali,5.758469475119272,404,False
Fokus cakupan,5103,Badung,Bali,4.680673109967633,407,False
Fokus cakupan,5104,Gianyar,Bali,3.670815769775815,409,False
Fokus cakupan,5105,Klungkung,Bali,4.410172126575855,408,False
Fokus cakupan,5106,Bangli,Bali,8.002017688893194,403,False
Fokus cakupan,5107,Karangasem,Bali,11.780691536826772,385,False
Fokus cakupan,5108,Buleleng,Bali,14.618016888713512,355,False
Fokus cakupan,5203,Lombok Timur,Nusa Tenggara Barat,36.068277206684535,20,False
Fokus cakupan,5204,Sumbawa,Nusa Tenggara Barat,27.247874493387137,91,False
Fokus cakupan,5205,Dompu,Nusa Tenggara Barat,18.952836561736586,264,False
Fokus cakupan,5208,Lombok Utara,Nusa Tenggara Barat,38.48950755034601,13,False
Fokus cakupan,5271,Mataram,Nusa Tenggara Barat,22.83481218656575,172,False
Fokus cakupan,5272,Bima,Nusa Tenggara Barat,24.130515888325483,142,False
Fokus cakupan,5301,Kupang,Nusa Tenggara Timur,40.00439128954453,11,False
Fokus cakupan,5302,Timor Tengah Selatan,Nusa Tenggara Timur,48.72411930561084,2,True
Fokus cakupan,5303,Timor Tengah Utara,Nusa Tenggara Timur,43.37407707758671,5,True
Fokus cakupan,5304,Belu,Nusa Tenggara Timur,35.12921601776671,23,False
Fokus cakupan,5305,Alor,Nusa Tenggara Timur,36.92584900568275,18,False
Fokus cakupan,5306,Flores Timur,Nusa Tenggara Timur,27.876654994943113,83,False
Fokus cakupan,5307,Sikka,Nusa Tenggara Timur,26.019846823715724,107,False
Fokus cakupan,5308,Ende,Nusa Tenggara Timur,34.02573917691388,33,False
Fokus cakupan,5309,Ngada,Nusa Tenggara Timur,27.939873226863416,82,False
Fokus cakupan,5310,Manggarai,Nusa Tenggara Timur,36.55770558697418,19,False
Fokus cakupan,5311,Sumba Timur,Nusa Tenggara Timur,36.04974985758337,21,False
Fokus cakupan,5312,Sumba Barat,Nusa Tenggara Timur,38.160971315721696,15,False
Fokus cakupan,5313,Lembata,Nusa Tenggara Timur,31.31831541397203,53,False
Fokus cakupan,5314,Rote Ndao,Nusa Tenggara Timur,33.40352636626905,36,False
Fokus cakupan,5315,Manggarai Barat,Nusa Tenggara Timur,30.784455428725717,60,False
Fokus cakupan,5316,Nagekeo,Nusa Tenggara Timur,23.52737944685879,161,False
Fokus cakupan,5317,Sumba Tengah,Nusa Tenggara Timur,42.163906765959766,7,True
Fokus cakupan,5318,Sumba Barat Daya,Nusa Tenggara Timur,44.4670622783841,4,True
Fokus cakupan,5319,Manggarai Timur,Nusa Tenggara Timur,40.93968990286274,10,True
Fokus cakupan,5320,Sabu Raijua,Nusa Tenggara Timur,39.1491192422889,12,False
Fokus cakupan,5371,Kupang,Nusa Tenggara Timur,25.670384702808022,110,False
Fokus cakupan,6101,Sambas,Kalimantan Barat,31.63519462542644,51,False
Fokus cakupan,6102,Mempawah,Kalimantan Barat,21.792986427262864,201,False
Fokus cakupan,6103,Sanggau,Kalimantan Barat,15.453656951905597,345,False
Fokus cakupan,6104,Ketapang,Kalimantan Barat,16.742518533560077,312,False
Fokus cakupan,6105,Sintang,Kalimantan Barat,24.80807091783055,128,False
Fokus cakupan,6107,Bengkayang,Kalimantan Barat,18.442499905650457,275,False
Fokus cakupan,6108,Landak,Kalimantan Barat,26.144396146170486,102,False
Fokus cakupan,6109,Sekadau,Kalimantan Barat,13.738639507747779,366,False
Fokus cakupan,6111,Kayong Utara,Kalimantan Barat,20.82480675601087,222,False
Fokus cakupan,6112,Kubu Raya,Kalimantan Barat,24.99930176323852,123,False
Fokus cakupan,6171,Pontianak,Kalimantan Barat,22.25387336631249,182,False
Fokus cakupan,6172,Singkawang,Kalimantan Barat,20.68418861257824,227,False
Fokus cakupan,6201,Waringin Barat,Kalimantan Tengah,18.913514337777062,265,False
Fokus cakupan,6204,Barito Selatan,Kalimantan Tengah,26.300662484845912,97,False
Fokus cakupan,6205,Barito Utara,Kalimantan Tengah,15.652101392601743,338,False
Fokus cakupan,6207,Seruyan,Kalimantan Tengah,27.214188157112563,92,False
Fokus cakupan,6208,Sukamara,Kalimantan Tengah,18.287469850217228,281,False
Fokus cakupan,6210,Gunung Mas,Kalimantan Tengah,17.32957345259587,296,False
Fokus cakupan,6211,Pulang Pisau,Kalimantan Tengah,19.776222594121432,247,False
Fokus cakupan,6212,Murung Raya,Kalimantan Tengah,19.111846741852485,256,False
Fokus cakupan,6213,Barito Timur,Kalimantan Tengah,16.707954410213052,313,False
Fokus cakupan,6271,Palangka Raya,Kalimantan Tengah,15.350771732586983,347,False
Fokus cakupan,6302,Baru,Kalimantan Selatan,20.629003695991162,228,False
Fokus cakupan,6303,Banjar,Kalimantan Selatan,25.956238844604677,108,False
Fokus cakupan,6304,Barito Kuala,Kalimantan Selatan,12.752891603732026,375,False
Fokus cakupan,6305,Tapin,Kalimantan Selatan,9.033936394960648,399,False
Fokus cakupan,6308,Hulu Sungai Utara,Kalimantan Selatan,21.43969040118979,209,False
Fokus cakupan,6310,Tanah Bumbu,Kalimantan Selatan,16.388759947741537,319,False
Fokus cakupan,6311,Balangan,Kalimantan Selatan,12.728454002111034,377,False
Fokus cakupan,6371,Banjarmasin,Kalimantan Selatan,20.8234502311068,223,False
Fokus cakupan,6372,Banjar Baru,Kalimantan Selatan,13.196309472449528,369,False
Fokus cakupan,6401,Paser,Kalimantan Timur,19.0727974657041,260,False
Fokus cakupan,6402,Kutai Kertanegara,Kalimantan Timur,14.611996223059363,356,False
Fokus cakupan,6403,Berau,Kalimantan Timur,16.394724703464192,318,False
Fokus cakupan,6407,Kutai Barat,Kalimantan Timur,27.137611197273465,94,False
Fokus cakupan,6408,Kutai Timur,Kalimantan Timur,26.049975719724095,105,False
Fokus cakupan,6409,Penajam Paser Utara,Kalimantan Timur,20.426950311633792,231,False
Fokus cakupan,6411,Mahakam Ulu,Kalimantan Timur,24.83947773078225,126,False
Fokus cakupan,6471,Balikpapan,Kalimantan Timur,18.484501410155,271,False
Fokus cakupan,6472,Samarinda,Kalimantan Timur,16.29780989007396,321,False
Fokus cakupan,6474,Bontang,Kalimantan Timur,13.986268239165446,362,False
Fokus cakupan,6502,Malinau,Kalimantan Utara,21.92586987634138,195,False
Fokus cakupan,6504,Tana Tidung,Kalimantan Utara,10.205028728626834,395,False
Fokus cakupan,6571,Tarakan,Kalimantan Utara,10.573513352533029,393,False
Fokus cakupan,7101,Bolaang Mongondow,Sulawesi Utara,16.516497719509438,316,False
Fokus cakupan,7102,Minahasa,Sulawesi Utara,15.274874409851734,349,False
Fokus cakupan,7103,Kepulauan Sangihe,Sulawesi Utara,24.995641206704626,124,False
Fokus cakupan,7104,Kepulauan Talaud,Sulawesi Utara,12.107325049686036,382,False
Fokus cakupan,7105,Minahasa Selatan,Sulawesi Utara,20.044722563688115,239,False
Fokus cakupan,7106,Minahasa Utara,Sulawesi Utara,13.823110155024303,365,False
Fokus cakupan,7108,Bolaang Mongondow Utara,Sulawesi Utara,18.839102253547026,266,False
Fokus cakupan,7109,Kepulauan Siau Tagulandang Biaro,Sulawesi Utara,22.215174445874016,183,False
Fokus cakupan,7111,Bolaang Mongondow Selatan,Sulawesi Utara,18.45767633986272,274,False
Fokus cakupan,7171,Manado,Sulawesi Utara,15.396621996816261,346,False
Fokus cakupan,7172,Bitung,Sulawesi Utara,17.061158610711676,306,False
Fokus cakupan,7173,Tomohon,Sulawesi Utara,8.502288561341562,401,False
Fokus cakupan,7174,Kotamobago,Sulawesi Utara,17.16228504320647,302,False
Fokus cakupan,7201,Banggai,Sulawesi Tengah,23.94236847881516,149,False
Fokus cakupan,7202,Poso,Sulawesi Tengah,20.20665173385529,236,False
Fokus cakupan,7203,Donggala,Sulawesi Tengah,28.765899028386414,75,False
Fokus cakupan,7204,Toli-Toli,Sulawesi Tengah,25.234468822446537,118,False
Fokus cakupan,7205,Buol,Sulawesi Tengah,28.33269497236744,77,False
Fokus cakupan,7206,Morowali,Sulawesi Tengah,21.49779931484745,208,False
Fokus cakupan,7207,Banggai Kepulauan,Sulawesi Tengah,30.928224320828754,58,False
Fokus cakupan,7208,Parigi Moutong,Sulawesi Tengah,22.128934773325398,187,False
Fokus cakupan,7209,Tojo Una Una,Sulawesi Tengah,17.305438725959224,298,False
Fokus cakupan,7210,Sigi,Sulawesi Tengah,27.35759655361053,87,False
Fokus cakupan,7211,Banggai Laut,Sulawesi Tengah,31.226833412382042,54,False
Fokus cakupan,7212,Morowali Utara,Sulawesi Tengah,19.53865456501203,251,False
Fokus cakupan,7271,Palu,Sulawesi Tengah,20.81308720878962,224,False
Fokus cakupan,7301,Selayar,Sulawesi Selatan,24.527046402137074,134,False
Fokus cakupan,7302,Bulukumba,Sulawesi Selatan,22.56042438100436,176,False
Fokus cakupan,7303,Bantaeng,Sulawesi Selatan,17.325006898816948,297,False
Fokus cakupan,7304,Jeneponto,Sulawesi Selatan,30.27256984954984,66,False
Fokus cakupan,7306,Gowa,Sulawesi Selatan,16.25697234406669,324,False
Fokus cakupan,7308,Bone,Sulawesi Selatan,23.106476556470664,168,False
Fokus cakupan,7310,Pangkajene dan Kepulauan,Sulawesi Selatan,26.350945418651783,96,False
Fokus cakupan,7311,Barru,Sulawesi Selatan,21.638335616031092,205,False
Fokus cakupan,7312,Soppeng,Sulawesi Selatan,22.27645556210397,181,False
Fokus cakupan,7313,Wajo,Sulawesi Selatan,17.21115756885926,300,False
Fokus cakupan,7315,Pinrang,Sulawesi Selatan,19.085717652830024,258,False
Fokus cakupan,7316,Enrekang,Sulawesi Selatan,30.74466361066816,61,False
Fokus cakupan,7318,Tana Toraja,Sulawesi Selatan,24.879599681626296,125,False
Fokus cakupan,7322,Luwu Utara,Sulawesi Selatan,24.496112413759313,137,False
Fokus cakupan,7324,Luwu Timur,Sulawesi Selatan,16.77172161355752,311,False
Fokus cakupan,7326,Toraja Utara,Sulawesi Selatan,23.71297687043122,158,False
Fokus cakupan,7371,Makasar,Sulawesi Selatan,23.902328831546754,154,False
Fokus cakupan,7372,Pare-Pare,Sulawesi Selatan,20.023237118296688,240,False
Fokus cakupan,7373,Palopo,Sulawesi Selatan,19.267452738314486,254,False
Fokus cakupan,7401,Kolaka,Sulawesi Tenggara,22.686946106598793,174,False
Fokus cakupan,7402,Konawe,Sulawesi Tenggara,22.310720229774418,180,False
Fokus cakupan,7403,Muna,Sulawesi Tenggara,23.935513042902286,150,False
Fokus cakupan,7404,Buton,Sulawesi Tenggara,28.115072452950816,78,False
Fokus cakupan,7406,Bombana,Sulawesi Tenggara,19.0640101858329,262,False
Fokus cakupan,7407,Wakatobi,Sulawesi Tenggara,30.158121854944778,67,False
Fokus cakupan,7409,Konawe Utara,Sulawesi Tenggara,25.124228372848624,121,False
Fokus cakupan,7410,Buton Utara,Sulawesi Tenggara,28.501936790058345,76,False
Fokus cakupan,7411,Kolaka Timur,Sulawesi Tenggara,19.0899949364809,257,False
Fokus cakupan,7412,Konawe Kepulauan,Sulawesi Tenggara,30.62170700459776,62,False
Fokus cakupan,7413,Muna Barat,Sulawesi Tenggara,26.15432502024957,101,False
Fokus cakupan,7414,Buton Tengah,Sulawesi Tenggara,30.334659684566326,64,False
Fokus cakupan,7415,Buton Selatan,Sulawesi Tenggara,34.474152281758826,27,False
Fokus cakupan,7471,Kendari,Sulawesi Tenggara,19.66303041466342,248,False
Fokus cakupan,7472,Bau-Bau,Sulawesi Tenggara,22.09271942115855,189,False
Fokus cakupan,7501,Gorontalo,Gorontalo,27.434417235735427,86,False
Fokus cakupan,7502,Boalemo,Gorontalo,12.482094138426957,379,False
Fokus cakupan,7503,Bone Bolango,Gorontalo,22.089286709264073,191,False
Fokus cakupan,7504,Pohuwato,Gorontalo,18.30703801445276,280,False
Fokus cakupan,7505,Gorontalo Utara,Gorontalo,24.38774449714254,139,False
Fokus cakupan,7571,Gorontalo,Gorontalo,24.11152301368772,144,False
Fokus cakupan,7601,Mamuju Utara,Sulawesi Barat,32.29760980649979,44,False
Fokus cakupan,7602,Mamuju,Sulawesi Barat,29.392217592870743,70,False
Fokus cakupan,7603,Mamasa,Sulawesi Barat,32.94334236358393,40,False
Fokus cakupan,7604,Polewali Mandar,Sulawesi Barat,30.964757696215088,57,False
Fokus cakupan,7606,Mamuju Tengah,Sulawesi Barat,22.784804139325626,173,False
Fokus cakupan,8101,Maluku Tengah,Maluku,26.079203576442524,104,False
Fokus cakupan,8102,Maluku Tenggara,Maluku,34.3783056040352,29,False
Fokus cakupan,8103,Kepulauan Tanimbar,Maluku,34.09031153294776,32,False
Fokus cakupan,8104,Buru,Maluku,23.910572985066285,152,False
Fokus cakupan,8105,Seram Bagian Timur,Maluku,30.303146365711836,65,False
Fokus cakupan,8106,Seram Bagian Barat,Maluku,34.556068850178356,26,False
Fokus cakupan,8107,Kepulauan Aru,Maluku,38.20279006397387,14,False
Fokus cakupan,8108,Maluku Barat Daya,Maluku,32.19500404839863,45,False
Fokus cakupan,8109,Buru Selatan,Maluku,34.3663175182229,30,False
Fokus cakupan,8171,Ambon,Maluku,15.508565537840951,344,False
Fokus cakupan,8172,Tual,Maluku,30.92801101912482,59,False
Fokus cakupan,8201,Halmahera Barat,Maluku Utara,24.678551568685123,130,False
Fokus cakupan,8203,Halmahera Utara,Maluku Utara,16.832543208804633,309,False
Fokus cakupan,8204,Halmahera Selatan,Maluku Utara,31.1944968668252,55,False
Fokus cakupan,8206,Halmahera Timur,Maluku Utara,22.20827462583353,184,False
Fokus cakupan,8208,Pulau Taliabu,Maluku Utara,27.325644030436973,89,False
Fokus cakupan,8271,Ternate,Maluku Utara,12.163415458755164,381,False
Fokus cakupan,8272,Tidore Kepulauan,Maluku Utara,16.001334561267825,328,False
Fokus cakupan,9103,Jayapura,Papua,21.203930326079753,212,False
Fokus cakupan,9105,Kepulauan Yapen,Papua,35.05886734126699,24,False
Fokus cakupan,9110,Sarmi,Papua,24.57101203871318,132,False
Fokus cakupan,9115,Waropen,Papua,30.62025612990948,63,False
Fokus cakupan,9119,Supiori,Papua,50.986333163502536,1,True
Fokus cakupan,9120,Mamberamo Raya,Papua,41.447862150631494,8,True
Fokus cakupan,9301,Merauke,Papua,17.252958867393378,299,False
Fokus cakupan,9201,Sorong,Papua Barat,32.93768634594011,41,False
Fokus cakupan,9202,Manokwari,Papua Barat,28.09420723599255,79,False
Fokus cakupan,9203,Fak-Fak,Papua Barat,31.584375979448918,52,False
Fokus cakupan,9204,Sorong Selatan,Papua Barat,33.80206761874126,35,False
Fokus cakupan,9205,Raja Ampat,Papua Barat,37.25858785615196,16,False
Fokus cakupan,9206,Teluk Bintuni,Papua Barat,34.7839170538622,25,False
Fokus cakupan,9207,Teluk Wondama,Papua Barat,42.512474324642746,6,True
Fokus cakupan,9208,Kaimana,Papua Barat,24.43019764825016,138,False
Fokus cakupan,9211,Manokwari Selatan,Papua Barat,32.14275516349702,46,False
Fokus cakupan,9212,Pegunungan Arfak,Papua Barat,47.60384685221183,3,True
